[0.000000] (-) TimerEvent: {}
[0.000130] (assignment1) JobQueued: {'identifier': 'assignment1', 'dependencies': OrderedDict()}
[0.000157] (assignment1_cpp) JobQueued: {'identifier': 'assignment1_cpp', 'dependencies': OrderedDict()}
[0.000279] (rmp_ros2bot_description) JobQueued: {'identifier': 'rmp_ros2bot_description', 'dependencies': OrderedDict()}
[0.000318] (simple_pkg) JobQueued: {'identifier': 'simple_pkg', 'dependencies': OrderedDict()}
[0.000343] (simple_pkg_cpp) JobQueued: {'identifier': 'simple_pkg_cpp', 'dependencies': OrderedDict()}
[0.000368] (turtlesim_assignment) JobQueued: {'identifier': 'turtlesim_assignment', 'dependencies': OrderedDict()}
[0.000399] (assignment1) JobStarted: {'identifier': 'assignment1'}
[0.012038] (assignment1_cpp) JobStarted: {'identifier': 'assignment1_cpp'}
[0.017506] (rmp_ros2bot_description) JobStarted: {'identifier': 'rmp_ros2bot_description'}
[0.098727] (-) TimerEvent: {}
[0.200087] (-) TimerEvent: {}
[0.300595] (-) TimerEvent: {}
[0.401522] (-) TimerEvent: {}
[0.432941] (assignment1_cpp) JobProgress: {'identifier': 'assignment1_cpp', 'progress': 'cmake'}
[0.432994] (assignment1_cpp) Command: {'cmd': ['/usr/bin/cmake', '/home/nipun/ros2RB_ws/assignment1_cpp', '-DCMAKE_INSTALL_PREFIX=/home/nipun/ros2RB_ws/install/assignment1_cpp'], 'cwd': '/home/nipun/ros2RB_ws/build/assignment1_cpp', 'env': OrderedDict([('LESSOPEN', '| /usr/bin/lesspipe %s'), ('LANGUAGE', 'en_IN:en'), ('USER', 'nipun'), ('XDG_SESSION_TYPE', 'wayland'), ('SHLVL', '1'), ('LD_LIBRARY_PATH', '/home/nipun/ros2_ws/install/my_robot_interfaces/lib:/usr/lib/x86_64-linux-gnu/gazebo-11/plugins:/opt/ros/humble/opt/rviz_ogre_vendor/lib:/opt/ros/humble/lib/x86_64-linux-gnu:/opt/ros/humble/lib'), ('HOME', '/home/nipun'), ('OLDPWD', '/home/nipun'), ('DESKTOP_SESSION', 'ubuntu'), ('ROS_PYTHON_VERSION', '3'), ('GNOME_SHELL_SESSION_MODE', 'ubuntu'), ('GTK_MODULES', 'gail:atk-bridge'), ('MANAGERPID', '1569'), ('SYSTEMD_EXEC_PID', '2000'), ('DBUS_SESSION_BUS_ADDRESS', 'unix:path=/run/user/1000/bus'), ('COLORTERM', 'truecolor'), ('TERMINATOR_DBUS_NAME', 'net.tenshu.Terminator25ef4b219e3b005583550f2b0f9f990c3'), ('GIO_LAUNCHED_DESKTOP_FILE_PID', '2496'), ('IM_CONFIG_PHASE', '1'), ('WAYLAND_DISPLAY', 'wayland-0'), ('COLCON_PREFIX_PATH', '/home/nipun/ros2RB_ws/install:/home/nipun/ros2_ws/install'), ('ROS_DISTRO', 'humble'), ('LOGNAME', 'nipun'), ('JOURNAL_STREAM', '8:10055'), ('_', '/usr/bin/colcon'), ('ROS_VERSION', '2'), ('XDG_SESSION_CLASS', 'user'), ('USERNAME', 'nipun'), ('TERM', 'xterm-256color'), ('GNOME_DESKTOP_SESSION_ID', 'this-is-deprecated'), ('ROS_LOCALHOST_ONLY', '0'), ('PATH', '/opt/ros/humble/bin:/usr/local/sbin:/usr/local/bin:/usr/sbin:/usr/bin:/sbin:/bin:/usr/games:/usr/local/games:/snap/bin:/snap/bin'), ('SESSION_MANAGER', 'local/nipun-virtual-machine:@/tmp/.ICE-unix/1700,unix/nipun-virtual-machine:/tmp/.ICE-unix/1700'), ('INVOCATION_ID', '55ee519092c04a5bae1b924a07aea81c'), ('XDG_MENU_PREFIX', 'gnome-'), ('GNOME_SETUP_DISPLAY', ':1'), ('XDG_RUNTIME_DIR', '/run/user/1000'), ('DISPLAY', ':0'), ('TERMINATOR_DBUS_PATH', '/net/tenshu/Terminator2'), ('LANG', 'en_US.UTF-8'), ('XDG_CURRENT_DESKTOP', 'ubuntu:GNOME'), ('IBUS_DISABLE_SNOOPER', '1'), ('XMODIFIERS', '@im=ibus'), ('XDG_SESSION_DESKTOP', 'ubuntu'), ('XAUTHORITY', '/run/user/1000/.mutter-Xwaylandauth.M1JGW2'), ('LS_COLORS', 'rs=0:di=01;34:ln=01;36:mh=00:pi=40;33:so=01;35:do=01;35:bd=40;33;01:cd=40;33;01:or=40;31;01:mi=00:su=37;41:sg=30;43:ca=30;41:tw=30;42:ow=34;42:st=37;44:ex=01;32:*.tar=01;31:*.tgz=01;31:*.arc=01;31:*.arj=01;31:*.taz=01;31:*.lha=01;31:*.lz4=01;31:*.lzh=01;31:*.lzma=01;31:*.tlz=01;31:*.txz=01;31:*.tzo=01;31:*.t7z=01;31:*.zip=01;31:*.z=01;31:*.dz=01;31:*.gz=01;31:*.lrz=01;31:*.lz=01;31:*.lzo=01;31:*.xz=01;31:*.zst=01;31:*.tzst=01;31:*.bz2=01;31:*.bz=01;31:*.tbz=01;31:*.tbz2=01;31:*.tz=01;31:*.deb=01;31:*.rpm=01;31:*.jar=01;31:*.war=01;31:*.ear=01;31:*.sar=01;31:*.rar=01;31:*.alz=01;31:*.ace=01;31:*.zoo=01;31:*.cpio=01;31:*.7z=01;31:*.rz=01;31:*.cab=01;31:*.wim=01;31:*.swm=01;31:*.dwm=01;31:*.esd=01;31:*.jpg=01;35:*.jpeg=01;35:*.mjpg=01;35:*.mjpeg=01;35:*.gif=01;35:*.bmp=01;35:*.pbm=01;35:*.pgm=01;35:*.ppm=01;35:*.tga=01;35:*.xbm=01;35:*.xpm=01;35:*.tif=01;35:*.tiff=01;35:*.png=01;35:*.svg=01;35:*.svgz=01;35:*.mng=01;35:*.pcx=01;35:*.mov=01;35:*.mpg=01;35:*.mpeg=01;35:*.m2v=01;35:*.mkv=01;35:*.webm=01;35:*.webp=01;35:*.ogm=01;35:*.mp4=01;35:*.m4v=01;35:*.mp4v=01;35:*.vob=01;35:*.qt=01;35:*.nuv=01;35:*.wmv=01;35:*.asf=01;35:*.rm=01;35:*.rmvb=01;35:*.flc=01;35:*.avi=01;35:*.fli=01;35:*.flv=01;35:*.gl=01;35:*.dl=01;35:*.xcf=01;35:*.xwd=01;35:*.yuv=01;35:*.cgm=01;35:*.emf=01;35:*.ogv=01;35:*.ogx=01;35:*.aac=00;36:*.au=00;36:*.flac=00;36:*.m4a=00;36:*.mid=00;36:*.midi=00;36:*.mka=00;36:*.mp3=00;36:*.mpc=00;36:*.ogg=00;36:*.ra=00;36:*.wav=00;36:*.oga=00;36:*.opus=00;36:*.spx=00;36:*.xspf=00;36:'), ('SSH_AGENT_LAUNCHER', 'gnome-keyring'), ('SSH_AUTH_SOCK', '/run/user/1000/keyring/ssh'), ('AMENT_PREFIX_PATH', '/home/nipun/ros2RB_ws/install/turtlesim_assignment:/home/nipun/ros2RB_ws/install/simple_pkg_cpp:/home/nipun/ros2RB_ws/install/simple_pkg:/home/nipun/ros2RB_ws/install/rmp_ros2bot_description:/home/nipun/ros2RB_ws/install/learningPubSubPkg:/home/nipun/ros2RB_ws/install/assignment1_cpp:/home/nipun/ros2RB_ws/install/assignment1:/home/nipun/ros2_ws/install/my_robot_bringup:/home/nipun/ros2_ws/install/my_py_pkg:/home/nipun/ros2_ws/install/my_cpp_pkg:/home/nipun/ros2_ws/install/my_robot_interfaces:/opt/ros/humble'), ('SHELL', '/bin/bash'), ('TERMINATOR_UUID', 'urn:uuid:b6aae4a6-d57d-4b98-8853-6e1370ea29d0'), ('QT_ACCESSIBILITY', '1'), ('GDMSESSION', 'ubuntu'), ('LESSCLOSE', '/usr/bin/lesspipe %s %s'), ('QT_IM_MODULE', 'ibus'), ('PWD', '/home/nipun/ros2RB_ws/build/assignment1_cpp'), ('LC_ALL', 'en_US.UTF-8'), ('XDG_CONFIG_DIRS', '/etc/xdg/xdg-ubuntu:/etc/xdg'), ('XDG_DATA_DIRS', '/usr/share/ubuntu:/usr/local/share/:/usr/share/:/var/lib/snapd/desktop'), ('PYTHONPATH', '/home/nipun/ros2RB_ws/install/turtlesim_assignment/lib/python3.10/site-packages:/home/nipun/ros2RB_ws/install/simple_pkg/lib/python3.10/site-packages:/home/nipun/ros2RB_ws/install/rmp_ros2bot_description/lib/python3.10/site-packages:/home/nipun/ros2RB_ws/install/assignment1/lib/python3.10/site-packages:/home/nipun/ros2_ws/install/my_py_pkg/lib/python3.10/site-packages:/home/nipun/ros2_ws/install/my_robot_interfaces/local/lib/python3.10/dist-packages:/opt/ros/humble/lib/python3.10/site-packages:/opt/ros/humble/local/lib/python3.10/dist-packages'), ('COLCON', '1'), ('VTE_VERSION', '6800'), ('CMAKE_PREFIX_PATH', '/home/nipun/ros2RB_ws/install/simple_pkg_cpp:/home/nipun/ros2RB_ws/install/rmp_ros2bot_description:/home/nipun/ros2RB_ws/install/learningPubSubPkg:/home/nipun/ros2RB_ws/install/assignment1_cpp:/home/nipun/ros2_ws/install/my_robot_bringup:/home/nipun/ros2_ws/install/my_cpp_pkg:/home/nipun/ros2_ws/install/my_robot_interfaces:/home/nipun/ros2RB_ws/install/turtlesim_assignment:/home/nipun/ros2RB_ws/install/simple_pkg:/home/nipun/ros2RB_ws/install/assignment1:/home/nipun/ros2_ws/install/my_py_pkg:/opt/ros/humble')]), 'shell': False}
[0.441876] (rmp_ros2bot_description) JobProgress: {'identifier': 'rmp_ros2bot_description', 'progress': 'cmake'}
[0.442628] (rmp_ros2bot_description) Command: {'cmd': ['/usr/bin/cmake', '/home/nipun/ros2RB_ws/rmp_ros2bot_description', '-DCMAKE_INSTALL_PREFIX=/home/nipun/ros2RB_ws/install/rmp_ros2bot_description'], 'cwd': '/home/nipun/ros2RB_ws/build/rmp_ros2bot_description', 'env': OrderedDict([('LESSOPEN', '| /usr/bin/lesspipe %s'), ('LANGUAGE', 'en_IN:en'), ('USER', 'nipun'), ('XDG_SESSION_TYPE', 'wayland'), ('SHLVL', '1'), ('LD_LIBRARY_PATH', '/home/nipun/ros2_ws/install/my_robot_interfaces/lib:/usr/lib/x86_64-linux-gnu/gazebo-11/plugins:/opt/ros/humble/opt/rviz_ogre_vendor/lib:/opt/ros/humble/lib/x86_64-linux-gnu:/opt/ros/humble/lib'), ('HOME', '/home/nipun'), ('OLDPWD', '/home/nipun'), ('DESKTOP_SESSION', 'ubuntu'), ('ROS_PYTHON_VERSION', '3'), ('GNOME_SHELL_SESSION_MODE', 'ubuntu'), ('GTK_MODULES', 'gail:atk-bridge'), ('MANAGERPID', '1569'), ('SYSTEMD_EXEC_PID', '2000'), ('DBUS_SESSION_BUS_ADDRESS', 'unix:path=/run/user/1000/bus'), ('COLORTERM', 'truecolor'), ('TERMINATOR_DBUS_NAME', 'net.tenshu.Terminator25ef4b219e3b005583550f2b0f9f990c3'), ('GIO_LAUNCHED_DESKTOP_FILE_PID', '2496'), ('IM_CONFIG_PHASE', '1'), ('WAYLAND_DISPLAY', 'wayland-0'), ('COLCON_PREFIX_PATH', '/home/nipun/ros2RB_ws/install:/home/nipun/ros2_ws/install'), ('ROS_DISTRO', 'humble'), ('LOGNAME', 'nipun'), ('JOURNAL_STREAM', '8:10055'), ('_', '/usr/bin/colcon'), ('ROS_VERSION', '2'), ('XDG_SESSION_CLASS', 'user'), ('USERNAME', 'nipun'), ('TERM', 'xterm-256color'), ('GNOME_DESKTOP_SESSION_ID', 'this-is-deprecated'), ('ROS_LOCALHOST_ONLY', '0'), ('PATH', '/opt/ros/humble/bin:/usr/local/sbin:/usr/local/bin:/usr/sbin:/usr/bin:/sbin:/bin:/usr/games:/usr/local/games:/snap/bin:/snap/bin'), ('SESSION_MANAGER', 'local/nipun-virtual-machine:@/tmp/.ICE-unix/1700,unix/nipun-virtual-machine:/tmp/.ICE-unix/1700'), ('INVOCATION_ID', '55ee519092c04a5bae1b924a07aea81c'), ('XDG_MENU_PREFIX', 'gnome-'), ('GNOME_SETUP_DISPLAY', ':1'), ('XDG_RUNTIME_DIR', '/run/user/1000'), ('DISPLAY', ':0'), ('TERMINATOR_DBUS_PATH', '/net/tenshu/Terminator2'), ('LANG', 'en_US.UTF-8'), ('XDG_CURRENT_DESKTOP', 'ubuntu:GNOME'), ('IBUS_DISABLE_SNOOPER', '1'), ('XMODIFIERS', '@im=ibus'), ('XDG_SESSION_DESKTOP', 'ubuntu'), ('XAUTHORITY', '/run/user/1000/.mutter-Xwaylandauth.M1JGW2'), ('LS_COLORS', 'rs=0:di=01;34:ln=01;36:mh=00:pi=40;33:so=01;35:do=01;35:bd=40;33;01:cd=40;33;01:or=40;31;01:mi=00:su=37;41:sg=30;43:ca=30;41:tw=30;42:ow=34;42:st=37;44:ex=01;32:*.tar=01;31:*.tgz=01;31:*.arc=01;31:*.arj=01;31:*.taz=01;31:*.lha=01;31:*.lz4=01;31:*.lzh=01;31:*.lzma=01;31:*.tlz=01;31:*.txz=01;31:*.tzo=01;31:*.t7z=01;31:*.zip=01;31:*.z=01;31:*.dz=01;31:*.gz=01;31:*.lrz=01;31:*.lz=01;31:*.lzo=01;31:*.xz=01;31:*.zst=01;31:*.tzst=01;31:*.bz2=01;31:*.bz=01;31:*.tbz=01;31:*.tbz2=01;31:*.tz=01;31:*.deb=01;31:*.rpm=01;31:*.jar=01;31:*.war=01;31:*.ear=01;31:*.sar=01;31:*.rar=01;31:*.alz=01;31:*.ace=01;31:*.zoo=01;31:*.cpio=01;31:*.7z=01;31:*.rz=01;31:*.cab=01;31:*.wim=01;31:*.swm=01;31:*.dwm=01;31:*.esd=01;31:*.jpg=01;35:*.jpeg=01;35:*.mjpg=01;35:*.mjpeg=01;35:*.gif=01;35:*.bmp=01;35:*.pbm=01;35:*.pgm=01;35:*.ppm=01;35:*.tga=01;35:*.xbm=01;35:*.xpm=01;35:*.tif=01;35:*.tiff=01;35:*.png=01;35:*.svg=01;35:*.svgz=01;35:*.mng=01;35:*.pcx=01;35:*.mov=01;35:*.mpg=01;35:*.mpeg=01;35:*.m2v=01;35:*.mkv=01;35:*.webm=01;35:*.webp=01;35:*.ogm=01;35:*.mp4=01;35:*.m4v=01;35:*.mp4v=01;35:*.vob=01;35:*.qt=01;35:*.nuv=01;35:*.wmv=01;35:*.asf=01;35:*.rm=01;35:*.rmvb=01;35:*.flc=01;35:*.avi=01;35:*.fli=01;35:*.flv=01;35:*.gl=01;35:*.dl=01;35:*.xcf=01;35:*.xwd=01;35:*.yuv=01;35:*.cgm=01;35:*.emf=01;35:*.ogv=01;35:*.ogx=01;35:*.aac=00;36:*.au=00;36:*.flac=00;36:*.m4a=00;36:*.mid=00;36:*.midi=00;36:*.mka=00;36:*.mp3=00;36:*.mpc=00;36:*.ogg=00;36:*.ra=00;36:*.wav=00;36:*.oga=00;36:*.opus=00;36:*.spx=00;36:*.xspf=00;36:'), ('SSH_AGENT_LAUNCHER', 'gnome-keyring'), ('SSH_AUTH_SOCK', '/run/user/1000/keyring/ssh'), ('AMENT_PREFIX_PATH', '/home/nipun/ros2RB_ws/install/turtlesim_assignment:/home/nipun/ros2RB_ws/install/simple_pkg_cpp:/home/nipun/ros2RB_ws/install/simple_pkg:/home/nipun/ros2RB_ws/install/rmp_ros2bot_description:/home/nipun/ros2RB_ws/install/learningPubSubPkg:/home/nipun/ros2RB_ws/install/assignment1_cpp:/home/nipun/ros2RB_ws/install/assignment1:/home/nipun/ros2_ws/install/my_robot_bringup:/home/nipun/ros2_ws/install/my_py_pkg:/home/nipun/ros2_ws/install/my_cpp_pkg:/home/nipun/ros2_ws/install/my_robot_interfaces:/opt/ros/humble'), ('SHELL', '/bin/bash'), ('TERMINATOR_UUID', 'urn:uuid:b6aae4a6-d57d-4b98-8853-6e1370ea29d0'), ('QT_ACCESSIBILITY', '1'), ('GDMSESSION', 'ubuntu'), ('LESSCLOSE', '/usr/bin/lesspipe %s %s'), ('QT_IM_MODULE', 'ibus'), ('PWD', '/home/nipun/ros2RB_ws/build/rmp_ros2bot_description'), ('LC_ALL', 'en_US.UTF-8'), ('XDG_CONFIG_DIRS', '/etc/xdg/xdg-ubuntu:/etc/xdg'), ('XDG_DATA_DIRS', '/usr/share/ubuntu:/usr/local/share/:/usr/share/:/var/lib/snapd/desktop'), ('PYTHONPATH', '/home/nipun/ros2RB_ws/install/turtlesim_assignment/lib/python3.10/site-packages:/home/nipun/ros2RB_ws/install/simple_pkg/lib/python3.10/site-packages:/home/nipun/ros2RB_ws/install/rmp_ros2bot_description/lib/python3.10/site-packages:/home/nipun/ros2RB_ws/install/assignment1/lib/python3.10/site-packages:/home/nipun/ros2_ws/install/my_py_pkg/lib/python3.10/site-packages:/home/nipun/ros2_ws/install/my_robot_interfaces/local/lib/python3.10/dist-packages:/opt/ros/humble/lib/python3.10/site-packages:/opt/ros/humble/local/lib/python3.10/dist-packages'), ('COLCON', '1'), ('VTE_VERSION', '6800'), ('CMAKE_PREFIX_PATH', '/home/nipun/ros2RB_ws/install/simple_pkg_cpp:/home/nipun/ros2RB_ws/install/rmp_ros2bot_description:/home/nipun/ros2RB_ws/install/learningPubSubPkg:/home/nipun/ros2RB_ws/install/assignment1_cpp:/home/nipun/ros2_ws/install/my_robot_bringup:/home/nipun/ros2_ws/install/my_cpp_pkg:/home/nipun/ros2_ws/install/my_robot_interfaces:/home/nipun/ros2RB_ws/install/turtlesim_assignment:/home/nipun/ros2RB_ws/install/simple_pkg:/home/nipun/ros2RB_ws/install/assignment1:/home/nipun/ros2_ws/install/my_py_pkg:/opt/ros/humble')]), 'shell': False}
[0.501621] (-) TimerEvent: {}
[0.545445] (rmp_ros2bot_description) StdoutLine: {'line': b'-- The C compiler identification is GNU 11.4.0\n'}
[0.556639] (assignment1_cpp) StdoutLine: {'line': b'-- The C compiler identification is GNU 11.4.0\n'}
[0.601738] (-) TimerEvent: {}
[0.629673] (rmp_ros2bot_description) StdoutLine: {'line': b'-- The CXX compiler identification is GNU 11.4.0\n'}
[0.645741] (assignment1_cpp) StdoutLine: {'line': b'-- The CXX compiler identification is GNU 11.4.0\n'}
[0.649368] (rmp_ros2bot_description) StdoutLine: {'line': b'-- Detecting C compiler ABI info\n'}
[0.668096] (assignment1_cpp) StdoutLine: {'line': b'-- Detecting C compiler ABI info\n'}
[0.702623] (-) TimerEvent: {}
[0.756573] (rmp_ros2bot_description) StdoutLine: {'line': b'-- Detecting C compiler ABI info - done\n'}
[0.761629] (assignment1_cpp) StdoutLine: {'line': b'-- Detecting C compiler ABI info - done\n'}
[0.786362] (assignment1_cpp) StdoutLine: {'line': b'-- Check for working C compiler: /usr/bin/cc - skipped\n'}
[0.787374] (assignment1_cpp) StdoutLine: {'line': b'-- Detecting C compile features\n'}
[0.790742] (assignment1_cpp) StdoutLine: {'line': b'-- Detecting C compile features - done\n'}
[0.802823] (-) TimerEvent: {}
[0.804255] (assignment1_cpp) StdoutLine: {'line': b'-- Detecting CXX compiler ABI info\n'}
[0.817384] (rmp_ros2bot_description) StdoutLine: {'line': b'-- Check for working C compiler: /usr/bin/cc - skipped\n'}
[0.820742] (rmp_ros2bot_description) StdoutLine: {'line': b'-- Detecting C compile features\n'}
[0.820880] (rmp_ros2bot_description) StdoutLine: {'line': b'-- Detecting C compile features - done\n'}
[0.826639] (rmp_ros2bot_description) StdoutLine: {'line': b'-- Detecting CXX compiler ABI info\n'}
[0.906111] (-) TimerEvent: {}
[0.970621] (rmp_ros2bot_description) StdoutLine: {'line': b'-- Detecting CXX compiler ABI info - done\n'}
[0.977737] (assignment1_cpp) StdoutLine: {'line': b'-- Detecting CXX compiler ABI info - done\n'}
[0.989686] (rmp_ros2bot_description) StdoutLine: {'line': b'-- Check for working CXX compiler: /usr/bin/c++ - skipped\n'}
[0.989867] (rmp_ros2bot_description) StdoutLine: {'line': b'-- Detecting CXX compile features\n'}
[0.989962] (rmp_ros2bot_description) StdoutLine: {'line': b'-- Detecting CXX compile features - done\n'}
[1.001399] (rmp_ros2bot_description) StdoutLine: {'line': b'-- Found ament_cmake: 1.3.10 (/opt/ros/humble/share/ament_cmake/cmake)\n'}
[1.003861] (assignment1_cpp) StdoutLine: {'line': b'-- Check for working CXX compiler: /usr/bin/c++ - skipped\n'}
[1.004266] (assignment1_cpp) StdoutLine: {'line': b'-- Detecting CXX compile features\n'}
[1.005134] (assignment1_cpp) StdoutLine: {'line': b'-- Detecting CXX compile features - done\n'}
[1.006209] (-) TimerEvent: {}
[1.008230] (assignment1_cpp) StdoutLine: {'line': b'-- Found ament_cmake: 1.3.10 (/opt/ros/humble/share/ament_cmake/cmake)\n'}
[1.067847] (assignment1) Command: {'cmd': ['/usr/bin/python3', '-W', 'ignore:setup.py install is deprecated', 'setup.py', 'egg_info', '--egg-base', '../build/assignment1', 'build', '--build-base', '/home/nipun/ros2RB_ws/build/assignment1/build', 'install', '--record', '/home/nipun/ros2RB_ws/build/assignment1/install.log', '--single-version-externally-managed', 'install_data'], 'cwd': '/home/nipun/ros2RB_ws/assignment1', 'env': {'LESSOPEN': '| /usr/bin/lesspipe %s', 'LANGUAGE': 'en_IN:en', 'USER': 'nipun', 'XDG_SESSION_TYPE': 'wayland', 'SHLVL': '1', 'LD_LIBRARY_PATH': '/home/nipun/ros2_ws/install/my_robot_interfaces/lib:/usr/lib/x86_64-linux-gnu/gazebo-11/plugins:/opt/ros/humble/opt/rviz_ogre_vendor/lib:/opt/ros/humble/lib/x86_64-linux-gnu:/opt/ros/humble/lib', 'HOME': '/home/nipun', 'OLDPWD': '/home/nipun', 'DESKTOP_SESSION': 'ubuntu', 'ROS_PYTHON_VERSION': '3', 'GNOME_SHELL_SESSION_MODE': 'ubuntu', 'GTK_MODULES': 'gail:atk-bridge', 'MANAGERPID': '1569', 'SYSTEMD_EXEC_PID': '2000', 'DBUS_SESSION_BUS_ADDRESS': 'unix:path=/run/user/1000/bus', 'COLORTERM': 'truecolor', 'TERMINATOR_DBUS_NAME': 'net.tenshu.Terminator25ef4b219e3b005583550f2b0f9f990c3', 'GIO_LAUNCHED_DESKTOP_FILE_PID': '2496', 'IM_CONFIG_PHASE': '1', 'WAYLAND_DISPLAY': 'wayland-0', 'COLCON_PREFIX_PATH': '/home/nipun/ros2RB_ws/install:/home/nipun/ros2_ws/install', 'ROS_DISTRO': 'humble', 'LOGNAME': 'nipun', 'JOURNAL_STREAM': '8:10055', '_': '/usr/bin/colcon', 'ROS_VERSION': '2', 'XDG_SESSION_CLASS': 'user', 'USERNAME': 'nipun', 'TERM': 'xterm-256color', 'GNOME_DESKTOP_SESSION_ID': 'this-is-deprecated', 'ROS_LOCALHOST_ONLY': '0', 'PATH': '/opt/ros/humble/bin:/usr/local/sbin:/usr/local/bin:/usr/sbin:/usr/bin:/sbin:/bin:/usr/games:/usr/local/games:/snap/bin:/snap/bin', 'SESSION_MANAGER': 'local/nipun-virtual-machine:@/tmp/.ICE-unix/1700,unix/nipun-virtual-machine:/tmp/.ICE-unix/1700', 'INVOCATION_ID': '55ee519092c04a5bae1b924a07aea81c', 'XDG_MENU_PREFIX': 'gnome-', 'GNOME_SETUP_DISPLAY': ':1', 'XDG_RUNTIME_DIR': '/run/user/1000', 'DISPLAY': ':0', 'TERMINATOR_DBUS_PATH': '/net/tenshu/Terminator2', 'LANG': 'en_US.UTF-8', 'XDG_CURRENT_DESKTOP': 'ubuntu:GNOME', 'IBUS_DISABLE_SNOOPER': '1', 'XMODIFIERS': '@im=ibus', 'XDG_SESSION_DESKTOP': 'ubuntu', 'XAUTHORITY': '/run/user/1000/.mutter-Xwaylandauth.M1JGW2', 'LS_COLORS': 'rs=0:di=01;34:ln=01;36:mh=00:pi=40;33:so=01;35:do=01;35:bd=40;33;01:cd=40;33;01:or=40;31;01:mi=00:su=37;41:sg=30;43:ca=30;41:tw=30;42:ow=34;42:st=37;44:ex=01;32:*.tar=01;31:*.tgz=01;31:*.arc=01;31:*.arj=01;31:*.taz=01;31:*.lha=01;31:*.lz4=01;31:*.lzh=01;31:*.lzma=01;31:*.tlz=01;31:*.txz=01;31:*.tzo=01;31:*.t7z=01;31:*.zip=01;31:*.z=01;31:*.dz=01;31:*.gz=01;31:*.lrz=01;31:*.lz=01;31:*.lzo=01;31:*.xz=01;31:*.zst=01;31:*.tzst=01;31:*.bz2=01;31:*.bz=01;31:*.tbz=01;31:*.tbz2=01;31:*.tz=01;31:*.deb=01;31:*.rpm=01;31:*.jar=01;31:*.war=01;31:*.ear=01;31:*.sar=01;31:*.rar=01;31:*.alz=01;31:*.ace=01;31:*.zoo=01;31:*.cpio=01;31:*.7z=01;31:*.rz=01;31:*.cab=01;31:*.wim=01;31:*.swm=01;31:*.dwm=01;31:*.esd=01;31:*.jpg=01;35:*.jpeg=01;35:*.mjpg=01;35:*.mjpeg=01;35:*.gif=01;35:*.bmp=01;35:*.pbm=01;35:*.pgm=01;35:*.ppm=01;35:*.tga=01;35:*.xbm=01;35:*.xpm=01;35:*.tif=01;35:*.tiff=01;35:*.png=01;35:*.svg=01;35:*.svgz=01;35:*.mng=01;35:*.pcx=01;35:*.mov=01;35:*.mpg=01;35:*.mpeg=01;35:*.m2v=01;35:*.mkv=01;35:*.webm=01;35:*.webp=01;35:*.ogm=01;35:*.mp4=01;35:*.m4v=01;35:*.mp4v=01;35:*.vob=01;35:*.qt=01;35:*.nuv=01;35:*.wmv=01;35:*.asf=01;35:*.rm=01;35:*.rmvb=01;35:*.flc=01;35:*.avi=01;35:*.fli=01;35:*.flv=01;35:*.gl=01;35:*.dl=01;35:*.xcf=01;35:*.xwd=01;35:*.yuv=01;35:*.cgm=01;35:*.emf=01;35:*.ogv=01;35:*.ogx=01;35:*.aac=00;36:*.au=00;36:*.flac=00;36:*.m4a=00;36:*.mid=00;36:*.midi=00;36:*.mka=00;36:*.mp3=00;36:*.mpc=00;36:*.ogg=00;36:*.ra=00;36:*.wav=00;36:*.oga=00;36:*.opus=00;36:*.spx=00;36:*.xspf=00;36:', 'SSH_AGENT_LAUNCHER': 'gnome-keyring', 'SSH_AUTH_SOCK': '/run/user/1000/keyring/ssh', 'AMENT_PREFIX_PATH': '/home/nipun/ros2RB_ws/install/turtlesim_assignment:/home/nipun/ros2RB_ws/install/simple_pkg_cpp:/home/nipun/ros2RB_ws/install/simple_pkg:/home/nipun/ros2RB_ws/install/rmp_ros2bot_description:/home/nipun/ros2RB_ws/install/learningPubSubPkg:/home/nipun/ros2RB_ws/install/assignment1_cpp:/home/nipun/ros2RB_ws/install/assignment1:/home/nipun/ros2_ws/install/my_robot_bringup:/home/nipun/ros2_ws/install/my_py_pkg:/home/nipun/ros2_ws/install/my_cpp_pkg:/home/nipun/ros2_ws/install/my_robot_interfaces:/opt/ros/humble', 'SHELL': '/bin/bash', 'TERMINATOR_UUID': 'urn:uuid:b6aae4a6-d57d-4b98-8853-6e1370ea29d0', 'QT_ACCESSIBILITY': '1', 'GDMSESSION': 'ubuntu', 'LESSCLOSE': '/usr/bin/lesspipe %s %s', 'QT_IM_MODULE': 'ibus', 'PWD': '/home/nipun/ros2RB_ws/build/assignment1', 'LC_ALL': 'en_US.UTF-8', 'XDG_CONFIG_DIRS': '/etc/xdg/xdg-ubuntu:/etc/xdg', 'XDG_DATA_DIRS': '/usr/share/ubuntu:/usr/local/share/:/usr/share/:/var/lib/snapd/desktop', 'PYTHONPATH': '/home/nipun/ros2RB_ws/build/assignment1/prefix_override:/usr/lib/python3/dist-packages/colcon_core/task/python/colcon_distutils_commands:/home/nipun/ros2RB_ws/install/assignment1/lib/python3.10/site-packages:/home/nipun/ros2RB_ws/install/turtlesim_assignment/lib/python3.10/site-packages:/home/nipun/ros2RB_ws/install/simple_pkg/lib/python3.10/site-packages:/home/nipun/ros2RB_ws/install/rmp_ros2bot_description/lib/python3.10/site-packages:/home/nipun/ros2RB_ws/install/assignment1/lib/python3.10/site-packages:/home/nipun/ros2_ws/install/my_py_pkg/lib/python3.10/site-packages:/home/nipun/ros2_ws/install/my_robot_interfaces/local/lib/python3.10/dist-packages:/opt/ros/humble/lib/python3.10/site-packages:/opt/ros/humble/local/lib/python3.10/dist-packages', 'COLCON': '1', 'VTE_VERSION': '6800', 'CMAKE_PREFIX_PATH': '/home/nipun/ros2RB_ws/install/simple_pkg_cpp:/home/nipun/ros2RB_ws/install/rmp_ros2bot_description:/home/nipun/ros2RB_ws/install/learningPubSubPkg:/home/nipun/ros2RB_ws/install/assignment1_cpp:/home/nipun/ros2_ws/install/my_robot_bringup:/home/nipun/ros2_ws/install/my_cpp_pkg:/home/nipun/ros2_ws/install/my_robot_interfaces'}, 'shell': False}
[1.107593] (-) TimerEvent: {}
[1.207918] (-) TimerEvent: {}
[1.258648] (assignment1_cpp) StdoutLine: {'line': b'-- Found Python3: /usr/bin/python3 (found version "3.10.12") found components: Interpreter \n'}
[1.265878] (rmp_ros2bot_description) StdoutLine: {'line': b'-- Found Python3: /usr/bin/python3 (found version "3.10.12") found components: Interpreter \n'}
[1.308376] (-) TimerEvent: {}
[1.408809] (-) TimerEvent: {}
[1.458336] (rmp_ros2bot_description) StdoutLine: {'line': b'-- Found ament_lint_auto: 0.12.11 (/opt/ros/humble/share/ament_lint_auto/cmake)\n'}
[1.458853] (assignment1_cpp) StdoutLine: {'line': b'-- Found rclcpp: 16.0.10 (/opt/ros/humble/share/rclcpp/cmake)\n'}
[1.493232] (assignment1) StdoutLine: {'line': b'running egg_info\n'}
[1.494961] (assignment1) StdoutLine: {'line': b'creating ../build/assignment1/assignment1.egg-info\n'}
[1.495127] (assignment1) StdoutLine: {'line': b'writing ../build/assignment1/assignment1.egg-info/PKG-INFO\n'}
[1.495363] (assignment1) StdoutLine: {'line': b'writing dependency_links to ../build/assignment1/assignment1.egg-info/dependency_links.txt\n'}
[1.495593] (assignment1) StdoutLine: {'line': b'writing entry points to ../build/assignment1/assignment1.egg-info/entry_points.txt\n'}
[1.495793] (assignment1) StdoutLine: {'line': b'writing requirements to ../build/assignment1/assignment1.egg-info/requires.txt\n'}
[1.496217] (assignment1) StdoutLine: {'line': b'writing top-level names to ../build/assignment1/assignment1.egg-info/top_level.txt\n'}
[1.496347] (assignment1) StdoutLine: {'line': b"writing manifest file '../build/assignment1/assignment1.egg-info/SOURCES.txt'\n"}
[1.499117] (assignment1) StdoutLine: {'line': b"reading manifest file '../build/assignment1/assignment1.egg-info/SOURCES.txt'\n"}
[1.500066] (assignment1) StdoutLine: {'line': b"writing manifest file '../build/assignment1/assignment1.egg-info/SOURCES.txt'\n"}
[1.500667] (assignment1) StdoutLine: {'line': b'running build\n'}
[1.500782] (assignment1) StdoutLine: {'line': b'running build_py\n'}
[1.501106] (assignment1) StdoutLine: {'line': b'creating /home/nipun/ros2RB_ws/build/assignment1/build\n'}
[1.501212] (assignment1) StdoutLine: {'line': b'creating /home/nipun/ros2RB_ws/build/assignment1/build/lib\n'}
[1.501299] (assignment1) StdoutLine: {'line': b'creating /home/nipun/ros2RB_ws/build/assignment1/build/lib/assignment1\n'}
[1.501384] (assignment1) StdoutLine: {'line': b'copying assignment1/temperatureNode.py -> /home/nipun/ros2RB_ws/build/assignment1/build/lib/assignment1\n'}
[1.502169] (assignment1) StdoutLine: {'line': b'copying assignment1/analysisNode.py -> /home/nipun/ros2RB_ws/build/assignment1/build/lib/assignment1\n'}
[1.502398] (assignment1) StdoutLine: {'line': b'copying assignment1/__init__.py -> /home/nipun/ros2RB_ws/build/assignment1/build/lib/assignment1\n'}
[1.502610] (assignment1) StdoutLine: {'line': b'copying assignment1/outcomeNode.py -> /home/nipun/ros2RB_ws/build/assignment1/build/lib/assignment1\n'}
[1.502738] (assignment1) StdoutLine: {'line': b'running install\n'}
[1.503297] (assignment1) StdoutLine: {'line': b'running install_lib\n'}
[1.504273] (assignment1) StdoutLine: {'line': b'creating /home/nipun/ros2RB_ws/install/assignment1/lib/python3.10/site-packages/assignment1\n'}
[1.504397] (assignment1) StdoutLine: {'line': b'copying /home/nipun/ros2RB_ws/build/assignment1/build/lib/assignment1/temperatureNode.py -> /home/nipun/ros2RB_ws/install/assignment1/lib/python3.10/site-packages/assignment1\n'}
[1.504489] (assignment1) StdoutLine: {'line': b'copying /home/nipun/ros2RB_ws/build/assignment1/build/lib/assignment1/analysisNode.py -> /home/nipun/ros2RB_ws/install/assignment1/lib/python3.10/site-packages/assignment1\n'}
[1.504671] (assignment1) StdoutLine: {'line': b'copying /home/nipun/ros2RB_ws/build/assignment1/build/lib/assignment1/__init__.py -> /home/nipun/ros2RB_ws/install/assignment1/lib/python3.10/site-packages/assignment1\n'}
[1.504762] (assignment1) StdoutLine: {'line': b'copying /home/nipun/ros2RB_ws/build/assignment1/build/lib/assignment1/outcomeNode.py -> /home/nipun/ros2RB_ws/install/assignment1/lib/python3.10/site-packages/assignment1\n'}
[1.505288] (assignment1) StdoutLine: {'line': b'byte-compiling /home/nipun/ros2RB_ws/install/assignment1/lib/python3.10/site-packages/assignment1/temperatureNode.py to temperatureNode.cpython-310.pyc\n'}
[1.505658] (assignment1) StdoutLine: {'line': b'byte-compiling /home/nipun/ros2RB_ws/install/assignment1/lib/python3.10/site-packages/assignment1/analysisNode.py to analysisNode.cpython-310.pyc\n'}
[1.506211] (assignment1) StdoutLine: {'line': b'byte-compiling /home/nipun/ros2RB_ws/install/assignment1/lib/python3.10/site-packages/assignment1/__init__.py to __init__.cpython-310.pyc\n'}
[1.506384] (assignment1) StdoutLine: {'line': b'byte-compiling /home/nipun/ros2RB_ws/install/assignment1/lib/python3.10/site-packages/assignment1/outcomeNode.py to outcomeNode.cpython-310.pyc\n'}
[1.506930] (assignment1) StdoutLine: {'line': b'running install_data\n'}
[1.507696] (assignment1) StdoutLine: {'line': b'creating /home/nipun/ros2RB_ws/install/assignment1/share/ament_index\n'}
[1.507902] (assignment1) StdoutLine: {'line': b'creating /home/nipun/ros2RB_ws/install/assignment1/share/ament_index/resource_index\n'}
[1.508638] (assignment1) StdoutLine: {'line': b'creating /home/nipun/ros2RB_ws/install/assignment1/share/ament_index/resource_index/packages\n'}
[1.508755] (assignment1) StdoutLine: {'line': b'copying resource/assignment1 -> /home/nipun/ros2RB_ws/install/assignment1/share/ament_index/resource_index/packages\n'}
[1.508839] (-) TimerEvent: {}
[1.508975] (assignment1) StdoutLine: {'line': b'copying package.xml -> /home/nipun/ros2RB_ws/install/assignment1/share/assignment1\n'}
[1.509109] (assignment1) StdoutLine: {'line': b'creating /home/nipun/ros2RB_ws/install/assignment1/share/assignment1/launch\n'}
[1.509206] (assignment1) StdoutLine: {'line': b'copying launch/assignment1_launch.py -> /home/nipun/ros2RB_ws/install/assignment1/share/assignment1/launch\n'}
[1.509291] (assignment1) StdoutLine: {'line': b'running install_egg_info\n'}
[1.511643] (assignment1) StdoutLine: {'line': b'Copying ../build/assignment1/assignment1.egg-info to /home/nipun/ros2RB_ws/install/assignment1/lib/python3.10/site-packages/assignment1-0.0.0-py3.10.egg-info\n'}
[1.511807] (assignment1) StdoutLine: {'line': b'running install_scripts\n'}
[1.538146] (assignment1) StdoutLine: {'line': b'Installing NODE1 script to /home/nipun/ros2RB_ws/install/assignment1/lib/assignment1\n'}
[1.539833] (assignment1) StdoutLine: {'line': b'Installing NODE2 script to /home/nipun/ros2RB_ws/install/assignment1/lib/assignment1\n'}
[1.539956] (assignment1) StdoutLine: {'line': b'Installing NODE3 script to /home/nipun/ros2RB_ws/install/assignment1/lib/assignment1\n'}
[1.540046] (assignment1) StdoutLine: {'line': b"writing list of installed files to '/home/nipun/ros2RB_ws/build/assignment1/install.log'\n"}
[1.572737] (assignment1) CommandEnded: {'returncode': 0}
[1.587503] (assignment1) JobEnded: {'identifier': 'assignment1', 'rc': 0}
[1.589581] (simple_pkg) JobStarted: {'identifier': 'simple_pkg'}
[1.595253] (assignment1_cpp) StdoutLine: {'line': b'-- Found rosidl_generator_c: 3.1.5 (/opt/ros/humble/share/rosidl_generator_c/cmake)\n'}
[1.609111] (-) TimerEvent: {}
[1.609613] (assignment1_cpp) StdoutLine: {'line': b'-- Found rosidl_adapter: 3.1.5 (/opt/ros/humble/share/rosidl_adapter/cmake)\n'}
[1.623217] (rmp_ros2bot_description) StdoutLine: {'line': b"-- Added test 'cppcheck' to perform static code analysis on C / C++ code\n"}
[1.624193] (rmp_ros2bot_description) StdoutLine: {'line': b'-- Configured cppcheck include dirs: \n'}
[1.624390] (rmp_ros2bot_description) StdoutLine: {'line': b'-- Configured cppcheck exclude dirs and/or files: \n'}
[1.629584] (rmp_ros2bot_description) StdoutLine: {'line': b"-- Added test 'flake8' to check Python code syntax and style conventions\n"}
[1.634733] (assignment1_cpp) StdoutLine: {'line': b'-- Found rosidl_generator_cpp: 3.1.5 (/opt/ros/humble/share/rosidl_generator_cpp/cmake)\n'}
[1.637813] (rmp_ros2bot_description) StdoutLine: {'line': b"-- Added test 'lint_cmake' to check CMake code style\n"}
[1.641659] (rmp_ros2bot_description) StdoutLine: {'line': b"-- Added test 'pep257' to check Python code against some of the docstring style conventions in PEP 257\n"}
[1.664444] (rmp_ros2bot_description) StdoutLine: {'line': b"-- Added test 'uncrustify' to check C / C++ code style\n"}
[1.664629] (rmp_ros2bot_description) StdoutLine: {'line': b'-- Configured uncrustify additional arguments: \n'}
[1.669238] (rmp_ros2bot_description) StdoutLine: {'line': b"-- Added test 'xmllint' to check XML markup files\n"}
[1.679612] (assignment1_cpp) StdoutLine: {'line': b'-- Using all available rosidl_typesupport_c: rosidl_typesupport_fastrtps_c;rosidl_typesupport_introspection_c\n'}
[1.679797] (rmp_ros2bot_description) StdoutLine: {'line': b'-- Configuring done\n'}
[1.692681] (rmp_ros2bot_description) StdoutLine: {'line': b'-- Generating done\n'}
[1.706136] (rmp_ros2bot_description) StdoutLine: {'line': b'-- Build files have been written to: /home/nipun/ros2RB_ws/build/rmp_ros2bot_description\n'}
[1.712703] (-) TimerEvent: {}
[1.741729] (assignment1_cpp) StdoutLine: {'line': b'-- Using all available rosidl_typesupport_cpp: rosidl_typesupport_fastrtps_cpp;rosidl_typesupport_introspection_cpp\n'}
[1.813047] (-) TimerEvent: {}
[1.884102] (assignment1_cpp) StdoutLine: {'line': b'-- Found rmw_implementation_cmake: 6.1.2 (/opt/ros/humble/share/rmw_implementation_cmake/cmake)\n'}
[1.892934] (assignment1_cpp) StdoutLine: {'line': b'-- Found rmw_fastrtps_cpp: 6.2.7 (/opt/ros/humble/share/rmw_fastrtps_cpp/cmake)\n'}
[1.914480] (-) TimerEvent: {}
[2.009479] (rmp_ros2bot_description) CommandEnded: {'returncode': 0}
[2.016685] (rmp_ros2bot_description) JobProgress: {'identifier': 'rmp_ros2bot_description', 'progress': 'build'}
[2.016765] (-) TimerEvent: {}
[2.017381] (rmp_ros2bot_description) Command: {'cmd': ['/usr/bin/cmake', '--build', '/home/nipun/ros2RB_ws/build/rmp_ros2bot_description', '--', '-j3', '-l3'], 'cwd': '/home/nipun/ros2RB_ws/build/rmp_ros2bot_description', 'env': OrderedDict([('LESSOPEN', '| /usr/bin/lesspipe %s'), ('LANGUAGE', 'en_IN:en'), ('USER', 'nipun'), ('XDG_SESSION_TYPE', 'wayland'), ('SHLVL', '1'), ('LD_LIBRARY_PATH', '/home/nipun/ros2_ws/install/my_robot_interfaces/lib:/usr/lib/x86_64-linux-gnu/gazebo-11/plugins:/opt/ros/humble/opt/rviz_ogre_vendor/lib:/opt/ros/humble/lib/x86_64-linux-gnu:/opt/ros/humble/lib'), ('HOME', '/home/nipun'), ('OLDPWD', '/home/nipun'), ('DESKTOP_SESSION', 'ubuntu'), ('ROS_PYTHON_VERSION', '3'), ('GNOME_SHELL_SESSION_MODE', 'ubuntu'), ('GTK_MODULES', 'gail:atk-bridge'), ('MANAGERPID', '1569'), ('SYSTEMD_EXEC_PID', '2000'), ('DBUS_SESSION_BUS_ADDRESS', 'unix:path=/run/user/1000/bus'), ('COLORTERM', 'truecolor'), ('TERMINATOR_DBUS_NAME', 'net.tenshu.Terminator25ef4b219e3b005583550f2b0f9f990c3'), ('GIO_LAUNCHED_DESKTOP_FILE_PID', '2496'), ('IM_CONFIG_PHASE', '1'), ('WAYLAND_DISPLAY', 'wayland-0'), ('COLCON_PREFIX_PATH', '/home/nipun/ros2RB_ws/install:/home/nipun/ros2_ws/install'), ('ROS_DISTRO', 'humble'), ('LOGNAME', 'nipun'), ('JOURNAL_STREAM', '8:10055'), ('_', '/usr/bin/colcon'), ('ROS_VERSION', '2'), ('XDG_SESSION_CLASS', 'user'), ('USERNAME', 'nipun'), ('TERM', 'xterm-256color'), ('GNOME_DESKTOP_SESSION_ID', 'this-is-deprecated'), ('ROS_LOCALHOST_ONLY', '0'), ('PATH', '/opt/ros/humble/bin:/usr/local/sbin:/usr/local/bin:/usr/sbin:/usr/bin:/sbin:/bin:/usr/games:/usr/local/games:/snap/bin:/snap/bin'), ('SESSION_MANAGER', 'local/nipun-virtual-machine:@/tmp/.ICE-unix/1700,unix/nipun-virtual-machine:/tmp/.ICE-unix/1700'), ('INVOCATION_ID', '55ee519092c04a5bae1b924a07aea81c'), ('XDG_MENU_PREFIX', 'gnome-'), ('GNOME_SETUP_DISPLAY', ':1'), ('XDG_RUNTIME_DIR', '/run/user/1000'), ('DISPLAY', ':0'), ('TERMINATOR_DBUS_PATH', '/net/tenshu/Terminator2'), ('LANG', 'en_US.UTF-8'), ('XDG_CURRENT_DESKTOP', 'ubuntu:GNOME'), ('IBUS_DISABLE_SNOOPER', '1'), ('XMODIFIERS', '@im=ibus'), ('XDG_SESSION_DESKTOP', 'ubuntu'), ('XAUTHORITY', '/run/user/1000/.mutter-Xwaylandauth.M1JGW2'), ('LS_COLORS', 'rs=0:di=01;34:ln=01;36:mh=00:pi=40;33:so=01;35:do=01;35:bd=40;33;01:cd=40;33;01:or=40;31;01:mi=00:su=37;41:sg=30;43:ca=30;41:tw=30;42:ow=34;42:st=37;44:ex=01;32:*.tar=01;31:*.tgz=01;31:*.arc=01;31:*.arj=01;31:*.taz=01;31:*.lha=01;31:*.lz4=01;31:*.lzh=01;31:*.lzma=01;31:*.tlz=01;31:*.txz=01;31:*.tzo=01;31:*.t7z=01;31:*.zip=01;31:*.z=01;31:*.dz=01;31:*.gz=01;31:*.lrz=01;31:*.lz=01;31:*.lzo=01;31:*.xz=01;31:*.zst=01;31:*.tzst=01;31:*.bz2=01;31:*.bz=01;31:*.tbz=01;31:*.tbz2=01;31:*.tz=01;31:*.deb=01;31:*.rpm=01;31:*.jar=01;31:*.war=01;31:*.ear=01;31:*.sar=01;31:*.rar=01;31:*.alz=01;31:*.ace=01;31:*.zoo=01;31:*.cpio=01;31:*.7z=01;31:*.rz=01;31:*.cab=01;31:*.wim=01;31:*.swm=01;31:*.dwm=01;31:*.esd=01;31:*.jpg=01;35:*.jpeg=01;35:*.mjpg=01;35:*.mjpeg=01;35:*.gif=01;35:*.bmp=01;35:*.pbm=01;35:*.pgm=01;35:*.ppm=01;35:*.tga=01;35:*.xbm=01;35:*.xpm=01;35:*.tif=01;35:*.tiff=01;35:*.png=01;35:*.svg=01;35:*.svgz=01;35:*.mng=01;35:*.pcx=01;35:*.mov=01;35:*.mpg=01;35:*.mpeg=01;35:*.m2v=01;35:*.mkv=01;35:*.webm=01;35:*.webp=01;35:*.ogm=01;35:*.mp4=01;35:*.m4v=01;35:*.mp4v=01;35:*.vob=01;35:*.qt=01;35:*.nuv=01;35:*.wmv=01;35:*.asf=01;35:*.rm=01;35:*.rmvb=01;35:*.flc=01;35:*.avi=01;35:*.fli=01;35:*.flv=01;35:*.gl=01;35:*.dl=01;35:*.xcf=01;35:*.xwd=01;35:*.yuv=01;35:*.cgm=01;35:*.emf=01;35:*.ogv=01;35:*.ogx=01;35:*.aac=00;36:*.au=00;36:*.flac=00;36:*.m4a=00;36:*.mid=00;36:*.midi=00;36:*.mka=00;36:*.mp3=00;36:*.mpc=00;36:*.ogg=00;36:*.ra=00;36:*.wav=00;36:*.oga=00;36:*.opus=00;36:*.spx=00;36:*.xspf=00;36:'), ('SSH_AGENT_LAUNCHER', 'gnome-keyring'), ('SSH_AUTH_SOCK', '/run/user/1000/keyring/ssh'), ('AMENT_PREFIX_PATH', '/home/nipun/ros2RB_ws/install/turtlesim_assignment:/home/nipun/ros2RB_ws/install/simple_pkg_cpp:/home/nipun/ros2RB_ws/install/simple_pkg:/home/nipun/ros2RB_ws/install/rmp_ros2bot_description:/home/nipun/ros2RB_ws/install/learningPubSubPkg:/home/nipun/ros2RB_ws/install/assignment1_cpp:/home/nipun/ros2RB_ws/install/assignment1:/home/nipun/ros2_ws/install/my_robot_bringup:/home/nipun/ros2_ws/install/my_py_pkg:/home/nipun/ros2_ws/install/my_cpp_pkg:/home/nipun/ros2_ws/install/my_robot_interfaces:/opt/ros/humble'), ('SHELL', '/bin/bash'), ('TERMINATOR_UUID', 'urn:uuid:b6aae4a6-d57d-4b98-8853-6e1370ea29d0'), ('QT_ACCESSIBILITY', '1'), ('GDMSESSION', 'ubuntu'), ('LESSCLOSE', '/usr/bin/lesspipe %s %s'), ('QT_IM_MODULE', 'ibus'), ('PWD', '/home/nipun/ros2RB_ws/build/rmp_ros2bot_description'), ('LC_ALL', 'en_US.UTF-8'), ('XDG_CONFIG_DIRS', '/etc/xdg/xdg-ubuntu:/etc/xdg'), ('XDG_DATA_DIRS', '/usr/share/ubuntu:/usr/local/share/:/usr/share/:/var/lib/snapd/desktop'), ('PYTHONPATH', '/home/nipun/ros2RB_ws/install/turtlesim_assignment/lib/python3.10/site-packages:/home/nipun/ros2RB_ws/install/simple_pkg/lib/python3.10/site-packages:/home/nipun/ros2RB_ws/install/rmp_ros2bot_description/lib/python3.10/site-packages:/home/nipun/ros2RB_ws/install/assignment1/lib/python3.10/site-packages:/home/nipun/ros2_ws/install/my_py_pkg/lib/python3.10/site-packages:/home/nipun/ros2_ws/install/my_robot_interfaces/local/lib/python3.10/dist-packages:/opt/ros/humble/lib/python3.10/site-packages:/opt/ros/humble/local/lib/python3.10/dist-packages'), ('COLCON', '1'), ('VTE_VERSION', '6800'), ('CMAKE_PREFIX_PATH', '/home/nipun/ros2RB_ws/install/simple_pkg_cpp:/home/nipun/ros2RB_ws/install/rmp_ros2bot_description:/home/nipun/ros2RB_ws/install/learningPubSubPkg:/home/nipun/ros2RB_ws/install/assignment1_cpp:/home/nipun/ros2_ws/install/my_robot_bringup:/home/nipun/ros2_ws/install/my_cpp_pkg:/home/nipun/ros2_ws/install/my_robot_interfaces:/home/nipun/ros2RB_ws/install/turtlesim_assignment:/home/nipun/ros2RB_ws/install/simple_pkg:/home/nipun/ros2RB_ws/install/assignment1:/home/nipun/ros2_ws/install/my_py_pkg:/opt/ros/humble')]), 'shell': False}
[2.077863] (rmp_ros2bot_description) CommandEnded: {'returncode': 0}
[2.115000] (assignment1_cpp) StdoutLine: {'line': b'-- Found OpenSSL: /usr/lib/x86_64-linux-gnu/libcrypto.so (found version "3.0.2")  \n'}
[2.117060] (-) TimerEvent: {}
[2.152594] (rmp_ros2bot_description) JobProgress: {'identifier': 'rmp_ros2bot_description', 'progress': 'install'}
[2.174610] (rmp_ros2bot_description) Command: {'cmd': ['/usr/bin/cmake', '--install', '/home/nipun/ros2RB_ws/build/rmp_ros2bot_description'], 'cwd': '/home/nipun/ros2RB_ws/build/rmp_ros2bot_description', 'env': OrderedDict([('LESSOPEN', '| /usr/bin/lesspipe %s'), ('LANGUAGE', 'en_IN:en'), ('USER', 'nipun'), ('XDG_SESSION_TYPE', 'wayland'), ('SHLVL', '1'), ('LD_LIBRARY_PATH', '/home/nipun/ros2_ws/install/my_robot_interfaces/lib:/usr/lib/x86_64-linux-gnu/gazebo-11/plugins:/opt/ros/humble/opt/rviz_ogre_vendor/lib:/opt/ros/humble/lib/x86_64-linux-gnu:/opt/ros/humble/lib'), ('HOME', '/home/nipun'), ('OLDPWD', '/home/nipun'), ('DESKTOP_SESSION', 'ubuntu'), ('ROS_PYTHON_VERSION', '3'), ('GNOME_SHELL_SESSION_MODE', 'ubuntu'), ('GTK_MODULES', 'gail:atk-bridge'), ('MANAGERPID', '1569'), ('SYSTEMD_EXEC_PID', '2000'), ('DBUS_SESSION_BUS_ADDRESS', 'unix:path=/run/user/1000/bus'), ('COLORTERM', 'truecolor'), ('TERMINATOR_DBUS_NAME', 'net.tenshu.Terminator25ef4b219e3b005583550f2b0f9f990c3'), ('GIO_LAUNCHED_DESKTOP_FILE_PID', '2496'), ('IM_CONFIG_PHASE', '1'), ('WAYLAND_DISPLAY', 'wayland-0'), ('COLCON_PREFIX_PATH', '/home/nipun/ros2RB_ws/install:/home/nipun/ros2_ws/install'), ('ROS_DISTRO', 'humble'), ('LOGNAME', 'nipun'), ('JOURNAL_STREAM', '8:10055'), ('_', '/usr/bin/colcon'), ('ROS_VERSION', '2'), ('XDG_SESSION_CLASS', 'user'), ('USERNAME', 'nipun'), ('TERM', 'xterm-256color'), ('GNOME_DESKTOP_SESSION_ID', 'this-is-deprecated'), ('ROS_LOCALHOST_ONLY', '0'), ('PATH', '/opt/ros/humble/bin:/usr/local/sbin:/usr/local/bin:/usr/sbin:/usr/bin:/sbin:/bin:/usr/games:/usr/local/games:/snap/bin:/snap/bin'), ('SESSION_MANAGER', 'local/nipun-virtual-machine:@/tmp/.ICE-unix/1700,unix/nipun-virtual-machine:/tmp/.ICE-unix/1700'), ('INVOCATION_ID', '55ee519092c04a5bae1b924a07aea81c'), ('XDG_MENU_PREFIX', 'gnome-'), ('GNOME_SETUP_DISPLAY', ':1'), ('XDG_RUNTIME_DIR', '/run/user/1000'), ('DISPLAY', ':0'), ('TERMINATOR_DBUS_PATH', '/net/tenshu/Terminator2'), ('LANG', 'en_US.UTF-8'), ('XDG_CURRENT_DESKTOP', 'ubuntu:GNOME'), ('IBUS_DISABLE_SNOOPER', '1'), ('XMODIFIERS', '@im=ibus'), ('XDG_SESSION_DESKTOP', 'ubuntu'), ('XAUTHORITY', '/run/user/1000/.mutter-Xwaylandauth.M1JGW2'), ('LS_COLORS', 'rs=0:di=01;34:ln=01;36:mh=00:pi=40;33:so=01;35:do=01;35:bd=40;33;01:cd=40;33;01:or=40;31;01:mi=00:su=37;41:sg=30;43:ca=30;41:tw=30;42:ow=34;42:st=37;44:ex=01;32:*.tar=01;31:*.tgz=01;31:*.arc=01;31:*.arj=01;31:*.taz=01;31:*.lha=01;31:*.lz4=01;31:*.lzh=01;31:*.lzma=01;31:*.tlz=01;31:*.txz=01;31:*.tzo=01;31:*.t7z=01;31:*.zip=01;31:*.z=01;31:*.dz=01;31:*.gz=01;31:*.lrz=01;31:*.lz=01;31:*.lzo=01;31:*.xz=01;31:*.zst=01;31:*.tzst=01;31:*.bz2=01;31:*.bz=01;31:*.tbz=01;31:*.tbz2=01;31:*.tz=01;31:*.deb=01;31:*.rpm=01;31:*.jar=01;31:*.war=01;31:*.ear=01;31:*.sar=01;31:*.rar=01;31:*.alz=01;31:*.ace=01;31:*.zoo=01;31:*.cpio=01;31:*.7z=01;31:*.rz=01;31:*.cab=01;31:*.wim=01;31:*.swm=01;31:*.dwm=01;31:*.esd=01;31:*.jpg=01;35:*.jpeg=01;35:*.mjpg=01;35:*.mjpeg=01;35:*.gif=01;35:*.bmp=01;35:*.pbm=01;35:*.pgm=01;35:*.ppm=01;35:*.tga=01;35:*.xbm=01;35:*.xpm=01;35:*.tif=01;35:*.tiff=01;35:*.png=01;35:*.svg=01;35:*.svgz=01;35:*.mng=01;35:*.pcx=01;35:*.mov=01;35:*.mpg=01;35:*.mpeg=01;35:*.m2v=01;35:*.mkv=01;35:*.webm=01;35:*.webp=01;35:*.ogm=01;35:*.mp4=01;35:*.m4v=01;35:*.mp4v=01;35:*.vob=01;35:*.qt=01;35:*.nuv=01;35:*.wmv=01;35:*.asf=01;35:*.rm=01;35:*.rmvb=01;35:*.flc=01;35:*.avi=01;35:*.fli=01;35:*.flv=01;35:*.gl=01;35:*.dl=01;35:*.xcf=01;35:*.xwd=01;35:*.yuv=01;35:*.cgm=01;35:*.emf=01;35:*.ogv=01;35:*.ogx=01;35:*.aac=00;36:*.au=00;36:*.flac=00;36:*.m4a=00;36:*.mid=00;36:*.midi=00;36:*.mka=00;36:*.mp3=00;36:*.mpc=00;36:*.ogg=00;36:*.ra=00;36:*.wav=00;36:*.oga=00;36:*.opus=00;36:*.spx=00;36:*.xspf=00;36:'), ('SSH_AGENT_LAUNCHER', 'gnome-keyring'), ('SSH_AUTH_SOCK', '/run/user/1000/keyring/ssh'), ('AMENT_PREFIX_PATH', '/home/nipun/ros2RB_ws/install/turtlesim_assignment:/home/nipun/ros2RB_ws/install/simple_pkg_cpp:/home/nipun/ros2RB_ws/install/simple_pkg:/home/nipun/ros2RB_ws/install/rmp_ros2bot_description:/home/nipun/ros2RB_ws/install/learningPubSubPkg:/home/nipun/ros2RB_ws/install/assignment1_cpp:/home/nipun/ros2RB_ws/install/assignment1:/home/nipun/ros2_ws/install/my_robot_bringup:/home/nipun/ros2_ws/install/my_py_pkg:/home/nipun/ros2_ws/install/my_cpp_pkg:/home/nipun/ros2_ws/install/my_robot_interfaces:/opt/ros/humble'), ('SHELL', '/bin/bash'), ('TERMINATOR_UUID', 'urn:uuid:b6aae4a6-d57d-4b98-8853-6e1370ea29d0'), ('QT_ACCESSIBILITY', '1'), ('GDMSESSION', 'ubuntu'), ('LESSCLOSE', '/usr/bin/lesspipe %s %s'), ('QT_IM_MODULE', 'ibus'), ('PWD', '/home/nipun/ros2RB_ws/build/rmp_ros2bot_description'), ('LC_ALL', 'en_US.UTF-8'), ('XDG_CONFIG_DIRS', '/etc/xdg/xdg-ubuntu:/etc/xdg'), ('XDG_DATA_DIRS', '/usr/share/ubuntu:/usr/local/share/:/usr/share/:/var/lib/snapd/desktop'), ('PYTHONPATH', '/home/nipun/ros2RB_ws/install/turtlesim_assignment/lib/python3.10/site-packages:/home/nipun/ros2RB_ws/install/simple_pkg/lib/python3.10/site-packages:/home/nipun/ros2RB_ws/install/rmp_ros2bot_description/lib/python3.10/site-packages:/home/nipun/ros2RB_ws/install/assignment1/lib/python3.10/site-packages:/home/nipun/ros2_ws/install/my_py_pkg/lib/python3.10/site-packages:/home/nipun/ros2_ws/install/my_robot_interfaces/local/lib/python3.10/dist-packages:/opt/ros/humble/lib/python3.10/site-packages:/opt/ros/humble/local/lib/python3.10/dist-packages'), ('COLCON', '1'), ('VTE_VERSION', '6800'), ('CMAKE_PREFIX_PATH', '/home/nipun/ros2RB_ws/install/simple_pkg_cpp:/home/nipun/ros2RB_ws/install/rmp_ros2bot_description:/home/nipun/ros2RB_ws/install/learningPubSubPkg:/home/nipun/ros2RB_ws/install/assignment1_cpp:/home/nipun/ros2_ws/install/my_robot_bringup:/home/nipun/ros2_ws/install/my_cpp_pkg:/home/nipun/ros2_ws/install/my_robot_interfaces:/home/nipun/ros2RB_ws/install/turtlesim_assignment:/home/nipun/ros2RB_ws/install/simple_pkg:/home/nipun/ros2RB_ws/install/assignment1:/home/nipun/ros2_ws/install/my_py_pkg:/opt/ros/humble')]), 'shell': False}
[2.189036] (rmp_ros2bot_description) StdoutLine: {'line': b'-- Install configuration: ""\n'}
[2.190510] (rmp_ros2bot_description) StdoutLine: {'line': b'-- Installing: /home/nipun/ros2RB_ws/install/rmp_ros2bot_description/share/rmp_ros2bot_description/models\n'}
[2.190666] (rmp_ros2bot_description) StdoutLine: {'line': b'-- Installing: /home/nipun/ros2RB_ws/install/rmp_ros2bot_description/share/rmp_ros2bot_description/models/build\n'}
[2.190755] (rmp_ros2bot_description) StdoutLine: {'line': b'-- Installing: /home/nipun/ros2RB_ws/install/rmp_ros2bot_description/share/rmp_ros2bot_description/models/build/.built_by\n'}
[2.192650] (rmp_ros2bot_description) StdoutLine: {'line': b'-- Installing: /home/nipun/ros2RB_ws/install/rmp_ros2bot_description/share/rmp_ros2bot_description/models/build/COLCON_IGNORE\n'}
[2.192839] (rmp_ros2bot_description) StdoutLine: {'line': b'-- Installing: /home/nipun/ros2RB_ws/install/rmp_ros2bot_description/share/rmp_ros2bot_description/models/build/rmp_ros2bot_description\n'}
[2.192946] (rmp_ros2bot_description) StdoutLine: {'line': b'-- Installing: /home/nipun/ros2RB_ws/install/rmp_ros2bot_description/share/rmp_ros2bot_description/models/build/rmp_ros2bot_description/CMakeCache.txt\n'}
[2.194147] (rmp_ros2bot_description) StdoutLine: {'line': b'-- Installing: /home/nipun/ros2RB_ws/install/rmp_ros2bot_description/share/rmp_ros2bot_description/models/build/rmp_ros2bot_description/colcon_build.rc\n'}
[2.194324] (rmp_ros2bot_description) StdoutLine: {'line': b'-- Installing: /home/nipun/ros2RB_ws/install/rmp_ros2bot_description/share/rmp_ros2bot_description/models/build/rmp_ros2bot_description/cmake_args.last\n'}
[2.194540] (rmp_ros2bot_description) StdoutLine: {'line': b'-- Installing: /home/nipun/ros2RB_ws/install/rmp_ros2bot_description/share/rmp_ros2bot_description/models/build/rmp_ros2bot_description/colcon_command_prefix_build.sh\n'}
[2.195382] (rmp_ros2bot_description) StdoutLine: {'line': b'-- Installing: /home/nipun/ros2RB_ws/install/rmp_ros2bot_description/share/rmp_ros2bot_description/models/build/rmp_ros2bot_description/CMakeFiles\n'}
[2.195530] (rmp_ros2bot_description) StdoutLine: {'line': b'-- Installing: /home/nipun/ros2RB_ws/install/rmp_ros2bot_description/share/rmp_ros2bot_description/models/build/rmp_ros2bot_description/CMakeFiles/3.22.1\n'}
[2.195635] (rmp_ros2bot_description) StdoutLine: {'line': b'-- Installing: /home/nipun/ros2RB_ws/install/rmp_ros2bot_description/share/rmp_ros2bot_description/models/build/rmp_ros2bot_description/CMakeFiles/3.22.1/CMakeDetermineCompilerABI_C.bin\n'}
[2.195757] (rmp_ros2bot_description) StdoutLine: {'line': b'-- Installing: /home/nipun/ros2RB_ws/install/rmp_ros2bot_description/share/rmp_ros2bot_description/models/build/rmp_ros2bot_description/CMakeFiles/3.22.1/CompilerIdC\n'}
[2.197960] (rmp_ros2bot_description) StdoutLine: {'line': b'-- Installing: /home/nipun/ros2RB_ws/install/rmp_ros2bot_description/share/rmp_ros2bot_description/models/build/rmp_ros2bot_description/CMakeFiles/3.22.1/CompilerIdC/tmp\n'}
[2.198158] (rmp_ros2bot_description) StdoutLine: {'line': b'-- Installing: /home/nipun/ros2RB_ws/install/rmp_ros2bot_description/share/rmp_ros2bot_description/models/build/rmp_ros2bot_description/CMakeFiles/3.22.1/CompilerIdC/CMakeCCompilerId.c\n'}
[2.198413] (rmp_ros2bot_description) StdoutLine: {'line': b'-- Installing: /home/nipun/ros2RB_ws/install/rmp_ros2bot_description/share/rmp_ros2bot_description/models/build/rmp_ros2bot_description/CMakeFiles/3.22.1/CompilerIdC/a.out\n'}
[2.199134] (rmp_ros2bot_description) StdoutLine: {'line': b'-- Installing: /home/nipun/ros2RB_ws/install/rmp_ros2bot_description/share/rmp_ros2bot_description/models/build/rmp_ros2bot_description/CMakeFiles/3.22.1/CMakeCCompiler.cmake\n'}
[2.199265] (rmp_ros2bot_description) StdoutLine: {'line': b'-- Installing: /home/nipun/ros2RB_ws/install/rmp_ros2bot_description/share/rmp_ros2bot_description/models/build/rmp_ros2bot_description/CMakeFiles/3.22.1/CMakeDetermineCompilerABI_CXX.bin\n'}
[2.200657] (rmp_ros2bot_description) StdoutLine: {'line': b'-- Installing: /home/nipun/ros2RB_ws/install/rmp_ros2bot_description/share/rmp_ros2bot_description/models/build/rmp_ros2bot_description/CMakeFiles/3.22.1/CompilerIdCXX\n'}
[2.200791] (rmp_ros2bot_description) StdoutLine: {'line': b'-- Installing: /home/nipun/ros2RB_ws/install/rmp_ros2bot_description/share/rmp_ros2bot_description/models/build/rmp_ros2bot_description/CMakeFiles/3.22.1/CompilerIdCXX/tmp\n'}
[2.200882] (rmp_ros2bot_description) StdoutLine: {'line': b'-- Installing: /home/nipun/ros2RB_ws/install/rmp_ros2bot_description/share/rmp_ros2bot_description/models/build/rmp_ros2bot_description/CMakeFiles/3.22.1/CompilerIdCXX/CMakeCXXCompilerId.cpp\n'}
[2.202600] (rmp_ros2bot_description) StdoutLine: {'line': b'-- Installing: /home/nipun/ros2RB_ws/install/rmp_ros2bot_description/share/rmp_ros2bot_description/models/build/rmp_ros2bot_description/CMakeFiles/3.22.1/CompilerIdCXX/a.out\n'}
[2.202814] (rmp_ros2bot_description) StdoutLine: {'line': b'-- Installing: /home/nipun/ros2RB_ws/install/rmp_ros2bot_description/share/rmp_ros2bot_description/models/build/rmp_ros2bot_description/CMakeFiles/3.22.1/CMakeCXXCompiler.cmake\n'}
[2.204629] (rmp_ros2bot_description) StdoutLine: {'line': b'-- Installing: /home/nipun/ros2RB_ws/install/rmp_ros2bot_description/share/rmp_ros2bot_description/models/build/rmp_ros2bot_description/CMakeFiles/3.22.1/CMakeSystem.cmake\n'}
[2.204760] (rmp_ros2bot_description) StdoutLine: {'line': b'-- Installing: /home/nipun/ros2RB_ws/install/rmp_ros2bot_description/share/rmp_ros2bot_description/models/build/rmp_ros2bot_description/CMakeFiles/CMakeOutput.log\n'}
[2.204851] (rmp_ros2bot_description) StdoutLine: {'line': b'-- Installing: /home/nipun/ros2RB_ws/install/rmp_ros2bot_description/share/rmp_ros2bot_description/models/build/rmp_ros2bot_description/CMakeFiles/CMakeTmp\n'}
[2.207752] (rmp_ros2bot_description) StdoutLine: {'line': b'-- Installing: /home/nipun/ros2RB_ws/install/rmp_ros2bot_description/share/rmp_ros2bot_description/models/build/rmp_ros2bot_description/CMakeFiles/cmake.check_cache\n'}
[2.209630] (rmp_ros2bot_description) StdoutLine: {'line': b'-- Installing: /home/nipun/ros2RB_ws/install/rmp_ros2bot_description/share/rmp_ros2bot_description/models/build/rmp_ros2bot_description/colcon_command_prefix_build.sh.env\n'}
[2.209852] (rmp_ros2bot_description) StdoutLine: {'line': b'-- Installing: /home/nipun/ros2RB_ws/install/rmp_ros2bot_description/share/rmp_ros2bot_description/models/LICENSE\n'}
[2.209952] (rmp_ros2bot_description) StdoutLine: {'line': b'-- Installing: /home/nipun/ros2RB_ws/install/rmp_ros2bot_description/share/rmp_ros2bot_description/models/meshes\n'}
[2.210061] (rmp_ros2bot_description) StdoutLine: {'line': b'-- Installing: /home/nipun/ros2RB_ws/install/rmp_ros2bot_description/share/rmp_ros2bot_description/models/meshes/right_wheel_1.stl\n'}
[2.211695] (assignment1_cpp) StdoutLine: {'line': b'-- Found FastRTPS: /opt/ros/humble/include  \n'}
[2.212769] (rmp_ros2bot_description) StdoutLine: {'line': b'-- Installing: /home/nipun/ros2RB_ws/install/rmp_ros2bot_description/share/rmp_ros2bot_description/models/meshes/caster_1.stl\n'}
[2.217227] (rmp_ros2bot_description) StdoutLine: {'line': b'-- Installing: /home/nipun/ros2RB_ws/install/rmp_ros2bot_description/share/rmp_ros2bot_description/models/meshes/left_wheel_1.stl\n'}
[2.217458] (-) TimerEvent: {}
[2.218704] (rmp_ros2bot_description) StdoutLine: {'line': b'-- Installing: /home/nipun/ros2RB_ws/install/rmp_ros2bot_description/share/rmp_ros2bot_description/models/meshes/lidar_1.stl\n'}
[2.218850] (rmp_ros2bot_description) StdoutLine: {'line': b'-- Installing: /home/nipun/ros2RB_ws/install/rmp_ros2bot_description/share/rmp_ros2bot_description/models/meshes/base_link.stl\n'}
[2.221220] (rmp_ros2bot_description) StdoutLine: {'line': b'-- Installing: /home/nipun/ros2RB_ws/install/rmp_ros2bot_description/share/rmp_ros2bot_description/models/CMakeLists.txt\n'}
[2.222622] (rmp_ros2bot_description) StdoutLine: {'line': b'-- Installing: /home/nipun/ros2RB_ws/install/rmp_ros2bot_description/share/rmp_ros2bot_description/models/urdf\n'}
[2.222760] (rmp_ros2bot_description) StdoutLine: {'line': b'-- Installing: /home/nipun/ros2RB_ws/install/rmp_ros2bot_description/share/rmp_ros2bot_description/models/urdf/rmp_ros2bot.trans\n'}
[2.222851] (rmp_ros2bot_description) StdoutLine: {'line': b'-- Installing: /home/nipun/ros2RB_ws/install/rmp_ros2bot_description/share/rmp_ros2bot_description/models/urdf/materials.xacro\n'}
[2.222938] (rmp_ros2bot_description) StdoutLine: {'line': b'-- Installing: /home/nipun/ros2RB_ws/install/rmp_ros2bot_description/share/rmp_ros2bot_description/models/urdf/rmp_ros2bot.gazebo\n'}
[2.223022] (rmp_ros2bot_description) StdoutLine: {'line': b'-- Installing: /home/nipun/ros2RB_ws/install/rmp_ros2bot_description/share/rmp_ros2bot_description/models/urdf/rmp_ros2bot.xacro\n'}
[2.229129] (rmp_ros2bot_description) StdoutLine: {'line': b'-- Installing: /home/nipun/ros2RB_ws/install/rmp_ros2bot_description/share/rmp_ros2bot_description/models/log\n'}
[2.229392] (rmp_ros2bot_description) StdoutLine: {'line': b'-- Installing: /home/nipun/ros2RB_ws/install/rmp_ros2bot_description/share/rmp_ros2bot_description/models/log/COLCON_IGNORE\n'}
[2.229500] (rmp_ros2bot_description) StdoutLine: {'line': b'-- Installing: /home/nipun/ros2RB_ws/install/rmp_ros2bot_description/share/rmp_ros2bot_description/models/log/latest\n'}
[2.229659] (rmp_ros2bot_description) StdoutLine: {'line': b'-- Installing: /home/nipun/ros2RB_ws/install/rmp_ros2bot_description/share/rmp_ros2bot_description/models/log/build_2024-09-22_19-29-04\n'}
[2.229753] (rmp_ros2bot_description) StdoutLine: {'line': b'-- Installing: /home/nipun/ros2RB_ws/install/rmp_ros2bot_description/share/rmp_ros2bot_description/models/log/build_2024-09-22_19-29-04/events.log\n'}
[2.229895] (rmp_ros2bot_description) StdoutLine: {'line': b'-- Installing: /home/nipun/ros2RB_ws/install/rmp_ros2bot_description/share/rmp_ros2bot_description/models/log/build_2024-09-22_19-29-04/logger_all.log\n'}
[2.230000] (rmp_ros2bot_description) StdoutLine: {'line': b'-- Installing: /home/nipun/ros2RB_ws/install/rmp_ros2bot_description/share/rmp_ros2bot_description/models/log/build_2024-09-22_19-29-04/rmp_ros2bot_description\n'}
[2.230093] (rmp_ros2bot_description) StdoutLine: {'line': b'-- Installing: /home/nipun/ros2RB_ws/install/rmp_ros2bot_description/share/rmp_ros2bot_description/models/log/build_2024-09-22_19-29-04/rmp_ros2bot_description/streams.log\n'}
[2.230199] (rmp_ros2bot_description) StdoutLine: {'line': b'-- Installing: /home/nipun/ros2RB_ws/install/rmp_ros2bot_description/share/rmp_ros2bot_description/models/log/build_2024-09-22_19-29-04/rmp_ros2bot_description/stdout_stderr.log\n'}
[2.232656] (rmp_ros2bot_description) StdoutLine: {'line': b'-- Installing: /home/nipun/ros2RB_ws/install/rmp_ros2bot_description/share/rmp_ros2bot_description/models/log/build_2024-09-22_19-29-04/rmp_ros2bot_description/stdout.log\n'}
[2.232786] (rmp_ros2bot_description) StdoutLine: {'line': b'-- Installing: /home/nipun/ros2RB_ws/install/rmp_ros2bot_description/share/rmp_ros2bot_description/models/log/build_2024-09-22_19-29-04/rmp_ros2bot_description/stderr.log\n'}
[2.232878] (rmp_ros2bot_description) StdoutLine: {'line': b'-- Installing: /home/nipun/ros2RB_ws/install/rmp_ros2bot_description/share/rmp_ros2bot_description/models/log/build_2024-09-22_19-29-04/rmp_ros2bot_description/command.log\n'}
[2.232965] (rmp_ros2bot_description) StdoutLine: {'line': b'-- Installing: /home/nipun/ros2RB_ws/install/rmp_ros2bot_description/share/rmp_ros2bot_description/models/log/latest_build\n'}
[2.233057] (rmp_ros2bot_description) StdoutLine: {'line': b'-- Installing: /home/nipun/ros2RB_ws/install/rmp_ros2bot_description/share/rmp_ros2bot_description/models/package.xml\n'}
[2.233164] (rmp_ros2bot_description) StdoutLine: {'line': b'-- Installing: /home/nipun/ros2RB_ws/install/rmp_ros2bot_description/share/rmp_ros2bot_description/models/launch\n'}
[2.233257] (rmp_ros2bot_description) StdoutLine: {'line': b'-- Installing: /home/nipun/ros2RB_ws/install/rmp_ros2bot_description/share/rmp_ros2bot_description/models/launch/urdf.rviz\n'}
[2.235645] (rmp_ros2bot_description) StdoutLine: {'line': b'-- Installing: /home/nipun/ros2RB_ws/install/rmp_ros2bot_description/share/rmp_ros2bot_description/models/launch/controller.yaml\n'}
[2.235818] (rmp_ros2bot_description) StdoutLine: {'line': b'-- Installing: /home/nipun/ros2RB_ws/install/rmp_ros2bot_description/share/rmp_ros2bot_description/models/launch/controller.launch\n'}
[2.235959] (rmp_ros2bot_description) StdoutLine: {'line': b'-- Installing: /home/nipun/ros2RB_ws/install/rmp_ros2bot_description/share/rmp_ros2bot_description/models/launch/display.launch\n'}
[2.236143] (rmp_ros2bot_description) StdoutLine: {'line': b'-- Installing: /home/nipun/ros2RB_ws/install/rmp_ros2bot_description/share/rmp_ros2bot_description/models/launch/gazebo.launch\n'}
[2.236271] (rmp_ros2bot_description) StdoutLine: {'line': b'-- Installing: /home/nipun/ros2RB_ws/install/rmp_ros2bot_description/share/rmp_ros2bot_description/models/install\n'}
[2.236357] (rmp_ros2bot_description) StdoutLine: {'line': b'-- Installing: /home/nipun/ros2RB_ws/install/rmp_ros2bot_description/share/rmp_ros2bot_description/models/install/setup.sh\n'}
[2.238647] (rmp_ros2bot_description) StdoutLine: {'line': b'-- Installing: /home/nipun/ros2RB_ws/install/rmp_ros2bot_description/share/rmp_ros2bot_description/models/install/setup.ps1\n'}
[2.238790] (rmp_ros2bot_description) StdoutLine: {'line': b'-- Installing: /home/nipun/ros2RB_ws/install/rmp_ros2bot_description/share/rmp_ros2bot_description/models/install/local_setup.sh\n'}
[2.238880] (rmp_ros2bot_description) StdoutLine: {'line': b'-- Installing: /home/nipun/ros2RB_ws/install/rmp_ros2bot_description/share/rmp_ros2bot_description/models/install/COLCON_IGNORE\n'}
[2.238966] (rmp_ros2bot_description) StdoutLine: {'line': b'-- Installing: /home/nipun/ros2RB_ws/install/rmp_ros2bot_description/share/rmp_ros2bot_description/models/install/local_setup.bash\n'}
[2.239050] (rmp_ros2bot_description) StdoutLine: {'line': b'-- Installing: /home/nipun/ros2RB_ws/install/rmp_ros2bot_description/share/rmp_ros2bot_description/models/install/setup.bash\n'}
[2.239134] (rmp_ros2bot_description) StdoutLine: {'line': b'-- Installing: /home/nipun/ros2RB_ws/install/rmp_ros2bot_description/share/rmp_ros2bot_description/models/install/local_setup.zsh\n'}
[2.239217] (rmp_ros2bot_description) StdoutLine: {'line': b'-- Installing: /home/nipun/ros2RB_ws/install/rmp_ros2bot_description/share/rmp_ros2bot_description/models/install/_local_setup_util_ps1.py\n'}
[2.239300] (rmp_ros2bot_description) StdoutLine: {'line': b'-- Installing: /home/nipun/ros2RB_ws/install/rmp_ros2bot_description/share/rmp_ros2bot_description/models/install/rmp_ros2bot_description\n'}
[2.241714] (rmp_ros2bot_description) StdoutLine: {'line': b'-- Installing: /home/nipun/ros2RB_ws/install/rmp_ros2bot_description/share/rmp_ros2bot_description/models/install/rmp_ros2bot_description/.catkin\n'}
[2.241904] (rmp_ros2bot_description) StdoutLine: {'line': b'-- Installing: /home/nipun/ros2RB_ws/install/rmp_ros2bot_description/share/rmp_ros2bot_description/models/install/rmp_ros2bot_description/share\n'}
[2.242026] (rmp_ros2bot_description) StdoutLine: {'line': b'-- Installing: /home/nipun/ros2RB_ws/install/rmp_ros2bot_description/share/rmp_ros2bot_description/models/install/rmp_ros2bot_description/share/rmp_ros2bot_description\n'}
[2.242118] (rmp_ros2bot_description) StdoutLine: {'line': b'-- Installing: /home/nipun/ros2RB_ws/install/rmp_ros2bot_description/share/rmp_ros2bot_description/models/install/rmp_ros2bot_description/share/rmp_ros2bot_description/package.sh\n'}
[2.242264] (rmp_ros2bot_description) StdoutLine: {'line': b'-- Installing: /home/nipun/ros2RB_ws/install/rmp_ros2bot_description/share/rmp_ros2bot_description/models/install/rmp_ros2bot_description/share/rmp_ros2bot_description/package.ps1\n'}
[2.242371] (rmp_ros2bot_description) StdoutLine: {'line': b'-- Installing: /home/nipun/ros2RB_ws/install/rmp_ros2bot_description/share/rmp_ros2bot_description/models/install/rmp_ros2bot_description/share/rmp_ros2bot_description/package.dsv\n'}
[2.242455] (rmp_ros2bot_description) StdoutLine: {'line': b'-- Installing: /home/nipun/ros2RB_ws/install/rmp_ros2bot_description/share/rmp_ros2bot_description/models/install/rmp_ros2bot_description/share/rmp_ros2bot_description/package.bash\n'}
[2.244184] (rmp_ros2bot_description) StdoutLine: {'line': b'-- Installing: /home/nipun/ros2RB_ws/install/rmp_ros2bot_description/share/rmp_ros2bot_description/models/install/rmp_ros2bot_description/share/rmp_ros2bot_description/package.zsh\n'}
[2.244310] (rmp_ros2bot_description) StdoutLine: {'line': b'-- Installing: /home/nipun/ros2RB_ws/install/rmp_ros2bot_description/share/rmp_ros2bot_description/models/install/rmp_ros2bot_description/share/colcon-core\n'}
[2.244616] (rmp_ros2bot_description) StdoutLine: {'line': b'-- Installing: /home/nipun/ros2RB_ws/install/rmp_ros2bot_description/share/rmp_ros2bot_description/models/install/rmp_ros2bot_description/share/colcon-core/packages\n'}
[2.246644] (rmp_ros2bot_description) StdoutLine: {'line': b'-- Installing: /home/nipun/ros2RB_ws/install/rmp_ros2bot_description/share/rmp_ros2bot_description/models/install/rmp_ros2bot_description/share/colcon-core/packages/rmp_ros2bot_description\n'}
[2.246793] (rmp_ros2bot_description) StdoutLine: {'line': b'-- Installing: /home/nipun/ros2RB_ws/install/rmp_ros2bot_description/share/rmp_ros2bot_description/models/install/_local_setup_util_sh.py\n'}
[2.246886] (rmp_ros2bot_description) StdoutLine: {'line': b'-- Installing: /home/nipun/ros2RB_ws/install/rmp_ros2bot_description/share/rmp_ros2bot_description/models/install/.colcon_install_layout\n'}
[2.247030] (rmp_ros2bot_description) StdoutLine: {'line': b'-- Installing: /home/nipun/ros2RB_ws/install/rmp_ros2bot_description/share/rmp_ros2bot_description/models/install/local_setup.ps1\n'}
[2.247141] (rmp_ros2bot_description) StdoutLine: {'line': b'-- Installing: /home/nipun/ros2RB_ws/install/rmp_ros2bot_description/share/rmp_ros2bot_description/models/install/setup.zsh\n'}
[2.247247] (rmp_ros2bot_description) StdoutLine: {'line': b'-- Installing: /home/nipun/ros2RB_ws/install/rmp_ros2bot_description/share/rmp_ros2bot_description/launch\n'}
[2.247339] (rmp_ros2bot_description) StdoutLine: {'line': b'-- Installing: /home/nipun/ros2RB_ws/install/rmp_ros2bot_description/share/rmp_ros2bot_description/launch/gazebo.launch.py\n'}
[2.247476] (rmp_ros2bot_description) StdoutLine: {'line': b'-- Installing: /home/nipun/ros2RB_ws/install/rmp_ros2bot_description/share/rmp_ros2bot_description/launch/state_publisher.launch.py\n'}
[2.247614] (rmp_ros2bot_description) StdoutLine: {'line': b'-- Installing: /home/nipun/ros2RB_ws/install/rmp_ros2bot_description/share/rmp_ros2bot_description/worlds\n'}
[2.247703] (rmp_ros2bot_description) StdoutLine: {'line': b'-- Installing: /home/nipun/ros2RB_ws/install/rmp_ros2bot_description/share/rmp_ros2bot_description/worlds/new_world.sdf\n'}
[2.249732] (rmp_ros2bot_description) StdoutLine: {'line': b'-- Installing: /home/nipun/ros2RB_ws/install/rmp_ros2bot_description/share/ament_index/resource_index/package_run_dependencies/rmp_ros2bot_description\n'}
[2.249835] (rmp_ros2bot_description) StdoutLine: {'line': b'-- Installing: /home/nipun/ros2RB_ws/install/rmp_ros2bot_description/share/ament_index/resource_index/parent_prefix_path/rmp_ros2bot_description\n'}
[2.249921] (rmp_ros2bot_description) StdoutLine: {'line': b'-- Installing: /home/nipun/ros2RB_ws/install/rmp_ros2bot_description/share/rmp_ros2bot_description/environment/ament_prefix_path.sh\n'}
[2.250005] (rmp_ros2bot_description) StdoutLine: {'line': b'-- Installing: /home/nipun/ros2RB_ws/install/rmp_ros2bot_description/share/rmp_ros2bot_description/environment/ament_prefix_path.dsv\n'}
[2.250609] (rmp_ros2bot_description) StdoutLine: {'line': b'-- Installing: /home/nipun/ros2RB_ws/install/rmp_ros2bot_description/share/rmp_ros2bot_description/environment/path.sh\n'}
[2.250789] (rmp_ros2bot_description) StdoutLine: {'line': b'-- Installing: /home/nipun/ros2RB_ws/install/rmp_ros2bot_description/share/rmp_ros2bot_description/environment/path.dsv\n'}
[2.252983] (rmp_ros2bot_description) StdoutLine: {'line': b'-- Installing: /home/nipun/ros2RB_ws/install/rmp_ros2bot_description/share/rmp_ros2bot_description/local_setup.bash\n'}
[2.253151] (rmp_ros2bot_description) StdoutLine: {'line': b'-- Installing: /home/nipun/ros2RB_ws/install/rmp_ros2bot_description/share/rmp_ros2bot_description/local_setup.sh\n'}
[2.253255] (rmp_ros2bot_description) StdoutLine: {'line': b'-- Installing: /home/nipun/ros2RB_ws/install/rmp_ros2bot_description/share/rmp_ros2bot_description/local_setup.zsh\n'}
[2.253340] (rmp_ros2bot_description) StdoutLine: {'line': b'-- Installing: /home/nipun/ros2RB_ws/install/rmp_ros2bot_description/share/rmp_ros2bot_description/local_setup.dsv\n'}
[2.253424] (rmp_ros2bot_description) StdoutLine: {'line': b'-- Installing: /home/nipun/ros2RB_ws/install/rmp_ros2bot_description/share/rmp_ros2bot_description/package.dsv\n'}
[2.253517] (rmp_ros2bot_description) StdoutLine: {'line': b'-- Installing: /home/nipun/ros2RB_ws/install/rmp_ros2bot_description/share/ament_index/resource_index/packages/rmp_ros2bot_description\n'}
[2.255638] (rmp_ros2bot_description) StdoutLine: {'line': b'-- Installing: /home/nipun/ros2RB_ws/install/rmp_ros2bot_description/share/rmp_ros2bot_description/cmake/rmp_ros2bot_descriptionConfig.cmake\n'}
[2.255750] (rmp_ros2bot_description) StdoutLine: {'line': b'-- Installing: /home/nipun/ros2RB_ws/install/rmp_ros2bot_description/share/rmp_ros2bot_description/cmake/rmp_ros2bot_descriptionConfig-version.cmake\n'}
[2.255853] (rmp_ros2bot_description) StdoutLine: {'line': b'-- Installing: /home/nipun/ros2RB_ws/install/rmp_ros2bot_description/share/rmp_ros2bot_description/package.xml\n'}
[2.260403] (rmp_ros2bot_description) CommandEnded: {'returncode': 0}
[2.280585] (assignment1_cpp) StdoutLine: {'line': b"-- Using RMW implementation 'rmw_fastrtps_cpp' as default\n"}
[2.310374] (assignment1_cpp) StdoutLine: {'line': b'-- Looking for pthread.h\n'}
[2.313560] (rmp_ros2bot_description) JobEnded: {'identifier': 'rmp_ros2bot_description', 'rc': 0}
[2.313920] (simple_pkg_cpp) JobStarted: {'identifier': 'simple_pkg_cpp'}
[2.317954] (-) TimerEvent: {}
[2.334800] (simple_pkg_cpp) JobProgress: {'identifier': 'simple_pkg_cpp', 'progress': 'cmake'}
[2.336807] (simple_pkg_cpp) Command: {'cmd': ['/usr/bin/cmake', '/home/nipun/ros2RB_ws/simple_pkg_cpp', '-DCMAKE_INSTALL_PREFIX=/home/nipun/ros2RB_ws/install/simple_pkg_cpp'], 'cwd': '/home/nipun/ros2RB_ws/build/simple_pkg_cpp', 'env': OrderedDict([('LESSOPEN', '| /usr/bin/lesspipe %s'), ('LANGUAGE', 'en_IN:en'), ('USER', 'nipun'), ('XDG_SESSION_TYPE', 'wayland'), ('SHLVL', '1'), ('LD_LIBRARY_PATH', '/home/nipun/ros2_ws/install/my_robot_interfaces/lib:/usr/lib/x86_64-linux-gnu/gazebo-11/plugins:/opt/ros/humble/opt/rviz_ogre_vendor/lib:/opt/ros/humble/lib/x86_64-linux-gnu:/opt/ros/humble/lib'), ('HOME', '/home/nipun'), ('OLDPWD', '/home/nipun'), ('DESKTOP_SESSION', 'ubuntu'), ('ROS_PYTHON_VERSION', '3'), ('GNOME_SHELL_SESSION_MODE', 'ubuntu'), ('GTK_MODULES', 'gail:atk-bridge'), ('MANAGERPID', '1569'), ('SYSTEMD_EXEC_PID', '2000'), ('DBUS_SESSION_BUS_ADDRESS', 'unix:path=/run/user/1000/bus'), ('COLORTERM', 'truecolor'), ('TERMINATOR_DBUS_NAME', 'net.tenshu.Terminator25ef4b219e3b005583550f2b0f9f990c3'), ('GIO_LAUNCHED_DESKTOP_FILE_PID', '2496'), ('IM_CONFIG_PHASE', '1'), ('WAYLAND_DISPLAY', 'wayland-0'), ('COLCON_PREFIX_PATH', '/home/nipun/ros2RB_ws/install:/home/nipun/ros2_ws/install'), ('ROS_DISTRO', 'humble'), ('LOGNAME', 'nipun'), ('JOURNAL_STREAM', '8:10055'), ('_', '/usr/bin/colcon'), ('ROS_VERSION', '2'), ('XDG_SESSION_CLASS', 'user'), ('USERNAME', 'nipun'), ('TERM', 'xterm-256color'), ('GNOME_DESKTOP_SESSION_ID', 'this-is-deprecated'), ('ROS_LOCALHOST_ONLY', '0'), ('PATH', '/opt/ros/humble/bin:/usr/local/sbin:/usr/local/bin:/usr/sbin:/usr/bin:/sbin:/bin:/usr/games:/usr/local/games:/snap/bin:/snap/bin'), ('SESSION_MANAGER', 'local/nipun-virtual-machine:@/tmp/.ICE-unix/1700,unix/nipun-virtual-machine:/tmp/.ICE-unix/1700'), ('INVOCATION_ID', '55ee519092c04a5bae1b924a07aea81c'), ('XDG_MENU_PREFIX', 'gnome-'), ('GNOME_SETUP_DISPLAY', ':1'), ('XDG_RUNTIME_DIR', '/run/user/1000'), ('DISPLAY', ':0'), ('TERMINATOR_DBUS_PATH', '/net/tenshu/Terminator2'), ('LANG', 'en_US.UTF-8'), ('XDG_CURRENT_DESKTOP', 'ubuntu:GNOME'), ('IBUS_DISABLE_SNOOPER', '1'), ('XMODIFIERS', '@im=ibus'), ('XDG_SESSION_DESKTOP', 'ubuntu'), ('XAUTHORITY', '/run/user/1000/.mutter-Xwaylandauth.M1JGW2'), ('LS_COLORS', 'rs=0:di=01;34:ln=01;36:mh=00:pi=40;33:so=01;35:do=01;35:bd=40;33;01:cd=40;33;01:or=40;31;01:mi=00:su=37;41:sg=30;43:ca=30;41:tw=30;42:ow=34;42:st=37;44:ex=01;32:*.tar=01;31:*.tgz=01;31:*.arc=01;31:*.arj=01;31:*.taz=01;31:*.lha=01;31:*.lz4=01;31:*.lzh=01;31:*.lzma=01;31:*.tlz=01;31:*.txz=01;31:*.tzo=01;31:*.t7z=01;31:*.zip=01;31:*.z=01;31:*.dz=01;31:*.gz=01;31:*.lrz=01;31:*.lz=01;31:*.lzo=01;31:*.xz=01;31:*.zst=01;31:*.tzst=01;31:*.bz2=01;31:*.bz=01;31:*.tbz=01;31:*.tbz2=01;31:*.tz=01;31:*.deb=01;31:*.rpm=01;31:*.jar=01;31:*.war=01;31:*.ear=01;31:*.sar=01;31:*.rar=01;31:*.alz=01;31:*.ace=01;31:*.zoo=01;31:*.cpio=01;31:*.7z=01;31:*.rz=01;31:*.cab=01;31:*.wim=01;31:*.swm=01;31:*.dwm=01;31:*.esd=01;31:*.jpg=01;35:*.jpeg=01;35:*.mjpg=01;35:*.mjpeg=01;35:*.gif=01;35:*.bmp=01;35:*.pbm=01;35:*.pgm=01;35:*.ppm=01;35:*.tga=01;35:*.xbm=01;35:*.xpm=01;35:*.tif=01;35:*.tiff=01;35:*.png=01;35:*.svg=01;35:*.svgz=01;35:*.mng=01;35:*.pcx=01;35:*.mov=01;35:*.mpg=01;35:*.mpeg=01;35:*.m2v=01;35:*.mkv=01;35:*.webm=01;35:*.webp=01;35:*.ogm=01;35:*.mp4=01;35:*.m4v=01;35:*.mp4v=01;35:*.vob=01;35:*.qt=01;35:*.nuv=01;35:*.wmv=01;35:*.asf=01;35:*.rm=01;35:*.rmvb=01;35:*.flc=01;35:*.avi=01;35:*.fli=01;35:*.flv=01;35:*.gl=01;35:*.dl=01;35:*.xcf=01;35:*.xwd=01;35:*.yuv=01;35:*.cgm=01;35:*.emf=01;35:*.ogv=01;35:*.ogx=01;35:*.aac=00;36:*.au=00;36:*.flac=00;36:*.m4a=00;36:*.mid=00;36:*.midi=00;36:*.mka=00;36:*.mp3=00;36:*.mpc=00;36:*.ogg=00;36:*.ra=00;36:*.wav=00;36:*.oga=00;36:*.opus=00;36:*.spx=00;36:*.xspf=00;36:'), ('SSH_AGENT_LAUNCHER', 'gnome-keyring'), ('SSH_AUTH_SOCK', '/run/user/1000/keyring/ssh'), ('AMENT_PREFIX_PATH', '/home/nipun/ros2RB_ws/install/turtlesim_assignment:/home/nipun/ros2RB_ws/install/simple_pkg_cpp:/home/nipun/ros2RB_ws/install/simple_pkg:/home/nipun/ros2RB_ws/install/rmp_ros2bot_description:/home/nipun/ros2RB_ws/install/learningPubSubPkg:/home/nipun/ros2RB_ws/install/assignment1_cpp:/home/nipun/ros2RB_ws/install/assignment1:/home/nipun/ros2_ws/install/my_robot_bringup:/home/nipun/ros2_ws/install/my_py_pkg:/home/nipun/ros2_ws/install/my_cpp_pkg:/home/nipun/ros2_ws/install/my_robot_interfaces:/opt/ros/humble'), ('SHELL', '/bin/bash'), ('TERMINATOR_UUID', 'urn:uuid:b6aae4a6-d57d-4b98-8853-6e1370ea29d0'), ('QT_ACCESSIBILITY', '1'), ('GDMSESSION', 'ubuntu'), ('LESSCLOSE', '/usr/bin/lesspipe %s %s'), ('QT_IM_MODULE', 'ibus'), ('PWD', '/home/nipun/ros2RB_ws/build/simple_pkg_cpp'), ('LC_ALL', 'en_US.UTF-8'), ('XDG_CONFIG_DIRS', '/etc/xdg/xdg-ubuntu:/etc/xdg'), ('XDG_DATA_DIRS', '/usr/share/ubuntu:/usr/local/share/:/usr/share/:/var/lib/snapd/desktop'), ('PYTHONPATH', '/home/nipun/ros2RB_ws/install/turtlesim_assignment/lib/python3.10/site-packages:/home/nipun/ros2RB_ws/install/simple_pkg/lib/python3.10/site-packages:/home/nipun/ros2RB_ws/install/rmp_ros2bot_description/lib/python3.10/site-packages:/home/nipun/ros2RB_ws/install/assignment1/lib/python3.10/site-packages:/home/nipun/ros2_ws/install/my_py_pkg/lib/python3.10/site-packages:/home/nipun/ros2_ws/install/my_robot_interfaces/local/lib/python3.10/dist-packages:/opt/ros/humble/lib/python3.10/site-packages:/opt/ros/humble/local/lib/python3.10/dist-packages'), ('COLCON', '1'), ('VTE_VERSION', '6800'), ('CMAKE_PREFIX_PATH', '/home/nipun/ros2RB_ws/install/simple_pkg_cpp:/home/nipun/ros2RB_ws/install/rmp_ros2bot_description:/home/nipun/ros2RB_ws/install/learningPubSubPkg:/home/nipun/ros2RB_ws/install/assignment1_cpp:/home/nipun/ros2_ws/install/my_robot_bringup:/home/nipun/ros2_ws/install/my_cpp_pkg:/home/nipun/ros2_ws/install/my_robot_interfaces:/home/nipun/ros2RB_ws/install/turtlesim_assignment:/home/nipun/ros2RB_ws/install/simple_pkg:/home/nipun/ros2RB_ws/install/assignment1:/home/nipun/ros2_ws/install/my_py_pkg:/opt/ros/humble')]), 'shell': False}
[2.419820] (-) TimerEvent: {}
[2.420607] (assignment1_cpp) StdoutLine: {'line': b'-- Looking for pthread.h - found\n'}
[2.420958] (assignment1_cpp) StdoutLine: {'line': b'-- Performing Test CMAKE_HAVE_LIBC_PTHREAD\n'}
[2.429330] (simple_pkg_cpp) StdoutLine: {'line': b'-- The C compiler identification is GNU 11.4.0\n'}
[2.519935] (-) TimerEvent: {}
[2.522892] (simple_pkg_cpp) StdoutLine: {'line': b'-- The CXX compiler identification is GNU 11.4.0\n'}
[2.527823] (assignment1_cpp) StdoutLine: {'line': b'-- Performing Test CMAKE_HAVE_LIBC_PTHREAD - Success\n'}
[2.530007] (assignment1_cpp) StdoutLine: {'line': b'-- Found Threads: TRUE  \n'}
[2.540270] (simple_pkg_cpp) StdoutLine: {'line': b'-- Detecting C compiler ABI info\n'}
[2.603675] (simple_pkg) Command: {'cmd': ['/usr/bin/python3', '-W', 'ignore:setup.py install is deprecated', 'setup.py', 'egg_info', '--egg-base', '../build/simple_pkg', 'build', '--build-base', '/home/nipun/ros2RB_ws/build/simple_pkg/build', 'install', '--record', '/home/nipun/ros2RB_ws/build/simple_pkg/install.log', '--single-version-externally-managed', 'install_data'], 'cwd': '/home/nipun/ros2RB_ws/simple_pkg', 'env': {'LESSOPEN': '| /usr/bin/lesspipe %s', 'LANGUAGE': 'en_IN:en', 'USER': 'nipun', 'XDG_SESSION_TYPE': 'wayland', 'SHLVL': '1', 'LD_LIBRARY_PATH': '/home/nipun/ros2_ws/install/my_robot_interfaces/lib:/usr/lib/x86_64-linux-gnu/gazebo-11/plugins:/opt/ros/humble/opt/rviz_ogre_vendor/lib:/opt/ros/humble/lib/x86_64-linux-gnu:/opt/ros/humble/lib', 'HOME': '/home/nipun', 'OLDPWD': '/home/nipun', 'DESKTOP_SESSION': 'ubuntu', 'ROS_PYTHON_VERSION': '3', 'GNOME_SHELL_SESSION_MODE': 'ubuntu', 'GTK_MODULES': 'gail:atk-bridge', 'MANAGERPID': '1569', 'SYSTEMD_EXEC_PID': '2000', 'DBUS_SESSION_BUS_ADDRESS': 'unix:path=/run/user/1000/bus', 'COLORTERM': 'truecolor', 'TERMINATOR_DBUS_NAME': 'net.tenshu.Terminator25ef4b219e3b005583550f2b0f9f990c3', 'GIO_LAUNCHED_DESKTOP_FILE_PID': '2496', 'IM_CONFIG_PHASE': '1', 'WAYLAND_DISPLAY': 'wayland-0', 'COLCON_PREFIX_PATH': '/home/nipun/ros2RB_ws/install:/home/nipun/ros2_ws/install', 'ROS_DISTRO': 'humble', 'LOGNAME': 'nipun', 'JOURNAL_STREAM': '8:10055', '_': '/usr/bin/colcon', 'ROS_VERSION': '2', 'XDG_SESSION_CLASS': 'user', 'USERNAME': 'nipun', 'TERM': 'xterm-256color', 'GNOME_DESKTOP_SESSION_ID': 'this-is-deprecated', 'ROS_LOCALHOST_ONLY': '0', 'PATH': '/opt/ros/humble/bin:/usr/local/sbin:/usr/local/bin:/usr/sbin:/usr/bin:/sbin:/bin:/usr/games:/usr/local/games:/snap/bin:/snap/bin', 'SESSION_MANAGER': 'local/nipun-virtual-machine:@/tmp/.ICE-unix/1700,unix/nipun-virtual-machine:/tmp/.ICE-unix/1700', 'INVOCATION_ID': '55ee519092c04a5bae1b924a07aea81c', 'XDG_MENU_PREFIX': 'gnome-', 'GNOME_SETUP_DISPLAY': ':1', 'XDG_RUNTIME_DIR': '/run/user/1000', 'DISPLAY': ':0', 'TERMINATOR_DBUS_PATH': '/net/tenshu/Terminator2', 'LANG': 'en_US.UTF-8', 'XDG_CURRENT_DESKTOP': 'ubuntu:GNOME', 'IBUS_DISABLE_SNOOPER': '1', 'XMODIFIERS': '@im=ibus', 'XDG_SESSION_DESKTOP': 'ubuntu', 'XAUTHORITY': '/run/user/1000/.mutter-Xwaylandauth.M1JGW2', 'LS_COLORS': 'rs=0:di=01;34:ln=01;36:mh=00:pi=40;33:so=01;35:do=01;35:bd=40;33;01:cd=40;33;01:or=40;31;01:mi=00:su=37;41:sg=30;43:ca=30;41:tw=30;42:ow=34;42:st=37;44:ex=01;32:*.tar=01;31:*.tgz=01;31:*.arc=01;31:*.arj=01;31:*.taz=01;31:*.lha=01;31:*.lz4=01;31:*.lzh=01;31:*.lzma=01;31:*.tlz=01;31:*.txz=01;31:*.tzo=01;31:*.t7z=01;31:*.zip=01;31:*.z=01;31:*.dz=01;31:*.gz=01;31:*.lrz=01;31:*.lz=01;31:*.lzo=01;31:*.xz=01;31:*.zst=01;31:*.tzst=01;31:*.bz2=01;31:*.bz=01;31:*.tbz=01;31:*.tbz2=01;31:*.tz=01;31:*.deb=01;31:*.rpm=01;31:*.jar=01;31:*.war=01;31:*.ear=01;31:*.sar=01;31:*.rar=01;31:*.alz=01;31:*.ace=01;31:*.zoo=01;31:*.cpio=01;31:*.7z=01;31:*.rz=01;31:*.cab=01;31:*.wim=01;31:*.swm=01;31:*.dwm=01;31:*.esd=01;31:*.jpg=01;35:*.jpeg=01;35:*.mjpg=01;35:*.mjpeg=01;35:*.gif=01;35:*.bmp=01;35:*.pbm=01;35:*.pgm=01;35:*.ppm=01;35:*.tga=01;35:*.xbm=01;35:*.xpm=01;35:*.tif=01;35:*.tiff=01;35:*.png=01;35:*.svg=01;35:*.svgz=01;35:*.mng=01;35:*.pcx=01;35:*.mov=01;35:*.mpg=01;35:*.mpeg=01;35:*.m2v=01;35:*.mkv=01;35:*.webm=01;35:*.webp=01;35:*.ogm=01;35:*.mp4=01;35:*.m4v=01;35:*.mp4v=01;35:*.vob=01;35:*.qt=01;35:*.nuv=01;35:*.wmv=01;35:*.asf=01;35:*.rm=01;35:*.rmvb=01;35:*.flc=01;35:*.avi=01;35:*.fli=01;35:*.flv=01;35:*.gl=01;35:*.dl=01;35:*.xcf=01;35:*.xwd=01;35:*.yuv=01;35:*.cgm=01;35:*.emf=01;35:*.ogv=01;35:*.ogx=01;35:*.aac=00;36:*.au=00;36:*.flac=00;36:*.m4a=00;36:*.mid=00;36:*.midi=00;36:*.mka=00;36:*.mp3=00;36:*.mpc=00;36:*.ogg=00;36:*.ra=00;36:*.wav=00;36:*.oga=00;36:*.opus=00;36:*.spx=00;36:*.xspf=00;36:', 'SSH_AGENT_LAUNCHER': 'gnome-keyring', 'SSH_AUTH_SOCK': '/run/user/1000/keyring/ssh', 'AMENT_PREFIX_PATH': '/home/nipun/ros2RB_ws/install/turtlesim_assignment:/home/nipun/ros2RB_ws/install/simple_pkg_cpp:/home/nipun/ros2RB_ws/install/simple_pkg:/home/nipun/ros2RB_ws/install/rmp_ros2bot_description:/home/nipun/ros2RB_ws/install/learningPubSubPkg:/home/nipun/ros2RB_ws/install/assignment1_cpp:/home/nipun/ros2RB_ws/install/assignment1:/home/nipun/ros2_ws/install/my_robot_bringup:/home/nipun/ros2_ws/install/my_py_pkg:/home/nipun/ros2_ws/install/my_cpp_pkg:/home/nipun/ros2_ws/install/my_robot_interfaces:/opt/ros/humble', 'SHELL': '/bin/bash', 'TERMINATOR_UUID': 'urn:uuid:b6aae4a6-d57d-4b98-8853-6e1370ea29d0', 'QT_ACCESSIBILITY': '1', 'GDMSESSION': 'ubuntu', 'LESSCLOSE': '/usr/bin/lesspipe %s %s', 'QT_IM_MODULE': 'ibus', 'PWD': '/home/nipun/ros2RB_ws/build/simple_pkg', 'LC_ALL': 'en_US.UTF-8', 'XDG_CONFIG_DIRS': '/etc/xdg/xdg-ubuntu:/etc/xdg', 'XDG_DATA_DIRS': '/usr/share/ubuntu:/usr/local/share/:/usr/share/:/var/lib/snapd/desktop', 'PYTHONPATH': '/home/nipun/ros2RB_ws/build/simple_pkg/prefix_override:/usr/lib/python3/dist-packages/colcon_core/task/python/colcon_distutils_commands:/home/nipun/ros2RB_ws/install/simple_pkg/lib/python3.10/site-packages:/home/nipun/ros2RB_ws/install/turtlesim_assignment/lib/python3.10/site-packages:/home/nipun/ros2RB_ws/install/simple_pkg/lib/python3.10/site-packages:/home/nipun/ros2RB_ws/install/rmp_ros2bot_description/lib/python3.10/site-packages:/home/nipun/ros2RB_ws/install/assignment1/lib/python3.10/site-packages:/home/nipun/ros2_ws/install/my_py_pkg/lib/python3.10/site-packages:/home/nipun/ros2_ws/install/my_robot_interfaces/local/lib/python3.10/dist-packages:/opt/ros/humble/lib/python3.10/site-packages:/opt/ros/humble/local/lib/python3.10/dist-packages', 'COLCON': '1', 'VTE_VERSION': '6800', 'CMAKE_PREFIX_PATH': '/home/nipun/ros2RB_ws/install/simple_pkg_cpp:/home/nipun/ros2RB_ws/install/rmp_ros2bot_description:/home/nipun/ros2RB_ws/install/learningPubSubPkg:/home/nipun/ros2RB_ws/install/assignment1_cpp:/home/nipun/ros2_ws/install/my_robot_bringup:/home/nipun/ros2_ws/install/my_cpp_pkg:/home/nipun/ros2_ws/install/my_robot_interfaces'}, 'shell': False}
[2.620791] (-) TimerEvent: {}
[2.638840] (simple_pkg_cpp) StdoutLine: {'line': b'-- Detecting C compiler ABI info - done\n'}
[2.657373] (simple_pkg_cpp) StdoutLine: {'line': b'-- Check for working C compiler: /usr/bin/cc - skipped\n'}
[2.658578] (simple_pkg_cpp) StdoutLine: {'line': b'-- Detecting C compile features\n'}
[2.659463] (simple_pkg_cpp) StdoutLine: {'line': b'-- Detecting C compile features - done\n'}
[2.666691] (simple_pkg_cpp) StdoutLine: {'line': b'-- Detecting CXX compiler ABI info\n'}
[2.721601] (-) TimerEvent: {}
[2.750019] (assignment1_cpp) StdoutLine: {'line': b'-- Found ament_lint_auto: 0.12.11 (/opt/ros/humble/share/ament_lint_auto/cmake)\n'}
[2.821746] (-) TimerEvent: {}
[2.871598] (simple_pkg_cpp) StdoutLine: {'line': b'-- Detecting CXX compiler ABI info - done\n'}
[2.925653] (-) TimerEvent: {}
[2.931812] (simple_pkg_cpp) StdoutLine: {'line': b'-- Check for working CXX compiler: /usr/bin/c++ - skipped\n'}
[2.935400] (simple_pkg_cpp) StdoutLine: {'line': b'-- Detecting CXX compile features\n'}
[2.939581] (simple_pkg_cpp) StdoutLine: {'line': b'-- Detecting CXX compile features - done\n'}
[2.949614] (simple_pkg_cpp) StdoutLine: {'line': b'-- Found ament_cmake: 1.3.10 (/opt/ros/humble/share/ament_cmake/cmake)\n'}
[3.013965] (assignment1_cpp) StdoutLine: {'line': b"-- Added test 'cppcheck' to perform static code analysis on C / C++ code\n"}
[3.014211] (assignment1_cpp) StdoutLine: {'line': b'-- Configured cppcheck include dirs: \n'}
[3.014305] (assignment1_cpp) StdoutLine: {'line': b'-- Configured cppcheck exclude dirs and/or files: \n'}
[3.016129] (assignment1_cpp) StdoutLine: {'line': b"-- Added test 'flake8' to check Python code syntax and style conventions\n"}
[3.018935] (assignment1_cpp) StdoutLine: {'line': b"-- Added test 'lint_cmake' to check CMake code style\n"}
[3.020805] (assignment1_cpp) StdoutLine: {'line': b"-- Added test 'pep257' to check Python code against some of the docstring style conventions in PEP 257\n"}
[3.025752] (-) TimerEvent: {}
[3.029568] (assignment1_cpp) StdoutLine: {'line': b"-- Added test 'uncrustify' to check C / C++ code style\n"}
[3.029752] (assignment1_cpp) StdoutLine: {'line': b'-- Configured uncrustify additional arguments: \n'}
[3.032820] (assignment1_cpp) StdoutLine: {'line': b"-- Added test 'xmllint' to check XML markup files\n"}
[3.036994] (assignment1_cpp) StdoutLine: {'line': b'-- Configuring done\n'}
[3.057336] (assignment1_cpp) StdoutLine: {'line': b'-- Generating done\n'}
[3.063646] (assignment1_cpp) StdoutLine: {'line': b'-- Build files have been written to: /home/nipun/ros2RB_ws/build/assignment1_cpp\n'}
[3.081786] (assignment1_cpp) CommandEnded: {'returncode': 0}
[3.086344] (assignment1_cpp) JobProgress: {'identifier': 'assignment1_cpp', 'progress': 'build'}
[3.086425] (assignment1_cpp) Command: {'cmd': ['/usr/bin/cmake', '--build', '/home/nipun/ros2RB_ws/build/assignment1_cpp', '--', '-j3', '-l3'], 'cwd': '/home/nipun/ros2RB_ws/build/assignment1_cpp', 'env': OrderedDict([('LESSOPEN', '| /usr/bin/lesspipe %s'), ('LANGUAGE', 'en_IN:en'), ('USER', 'nipun'), ('XDG_SESSION_TYPE', 'wayland'), ('SHLVL', '1'), ('LD_LIBRARY_PATH', '/home/nipun/ros2_ws/install/my_robot_interfaces/lib:/usr/lib/x86_64-linux-gnu/gazebo-11/plugins:/opt/ros/humble/opt/rviz_ogre_vendor/lib:/opt/ros/humble/lib/x86_64-linux-gnu:/opt/ros/humble/lib'), ('HOME', '/home/nipun'), ('OLDPWD', '/home/nipun'), ('DESKTOP_SESSION', 'ubuntu'), ('ROS_PYTHON_VERSION', '3'), ('GNOME_SHELL_SESSION_MODE', 'ubuntu'), ('GTK_MODULES', 'gail:atk-bridge'), ('MANAGERPID', '1569'), ('SYSTEMD_EXEC_PID', '2000'), ('DBUS_SESSION_BUS_ADDRESS', 'unix:path=/run/user/1000/bus'), ('COLORTERM', 'truecolor'), ('TERMINATOR_DBUS_NAME', 'net.tenshu.Terminator25ef4b219e3b005583550f2b0f9f990c3'), ('GIO_LAUNCHED_DESKTOP_FILE_PID', '2496'), ('IM_CONFIG_PHASE', '1'), ('WAYLAND_DISPLAY', 'wayland-0'), ('COLCON_PREFIX_PATH', '/home/nipun/ros2RB_ws/install:/home/nipun/ros2_ws/install'), ('ROS_DISTRO', 'humble'), ('LOGNAME', 'nipun'), ('JOURNAL_STREAM', '8:10055'), ('_', '/usr/bin/colcon'), ('ROS_VERSION', '2'), ('XDG_SESSION_CLASS', 'user'), ('USERNAME', 'nipun'), ('TERM', 'xterm-256color'), ('GNOME_DESKTOP_SESSION_ID', 'this-is-deprecated'), ('ROS_LOCALHOST_ONLY', '0'), ('PATH', '/opt/ros/humble/bin:/usr/local/sbin:/usr/local/bin:/usr/sbin:/usr/bin:/sbin:/bin:/usr/games:/usr/local/games:/snap/bin:/snap/bin'), ('SESSION_MANAGER', 'local/nipun-virtual-machine:@/tmp/.ICE-unix/1700,unix/nipun-virtual-machine:/tmp/.ICE-unix/1700'), ('INVOCATION_ID', '55ee519092c04a5bae1b924a07aea81c'), ('XDG_MENU_PREFIX', 'gnome-'), ('GNOME_SETUP_DISPLAY', ':1'), ('XDG_RUNTIME_DIR', '/run/user/1000'), ('DISPLAY', ':0'), ('TERMINATOR_DBUS_PATH', '/net/tenshu/Terminator2'), ('LANG', 'en_US.UTF-8'), ('XDG_CURRENT_DESKTOP', 'ubuntu:GNOME'), ('IBUS_DISABLE_SNOOPER', '1'), ('XMODIFIERS', '@im=ibus'), ('XDG_SESSION_DESKTOP', 'ubuntu'), ('XAUTHORITY', '/run/user/1000/.mutter-Xwaylandauth.M1JGW2'), ('LS_COLORS', 'rs=0:di=01;34:ln=01;36:mh=00:pi=40;33:so=01;35:do=01;35:bd=40;33;01:cd=40;33;01:or=40;31;01:mi=00:su=37;41:sg=30;43:ca=30;41:tw=30;42:ow=34;42:st=37;44:ex=01;32:*.tar=01;31:*.tgz=01;31:*.arc=01;31:*.arj=01;31:*.taz=01;31:*.lha=01;31:*.lz4=01;31:*.lzh=01;31:*.lzma=01;31:*.tlz=01;31:*.txz=01;31:*.tzo=01;31:*.t7z=01;31:*.zip=01;31:*.z=01;31:*.dz=01;31:*.gz=01;31:*.lrz=01;31:*.lz=01;31:*.lzo=01;31:*.xz=01;31:*.zst=01;31:*.tzst=01;31:*.bz2=01;31:*.bz=01;31:*.tbz=01;31:*.tbz2=01;31:*.tz=01;31:*.deb=01;31:*.rpm=01;31:*.jar=01;31:*.war=01;31:*.ear=01;31:*.sar=01;31:*.rar=01;31:*.alz=01;31:*.ace=01;31:*.zoo=01;31:*.cpio=01;31:*.7z=01;31:*.rz=01;31:*.cab=01;31:*.wim=01;31:*.swm=01;31:*.dwm=01;31:*.esd=01;31:*.jpg=01;35:*.jpeg=01;35:*.mjpg=01;35:*.mjpeg=01;35:*.gif=01;35:*.bmp=01;35:*.pbm=01;35:*.pgm=01;35:*.ppm=01;35:*.tga=01;35:*.xbm=01;35:*.xpm=01;35:*.tif=01;35:*.tiff=01;35:*.png=01;35:*.svg=01;35:*.svgz=01;35:*.mng=01;35:*.pcx=01;35:*.mov=01;35:*.mpg=01;35:*.mpeg=01;35:*.m2v=01;35:*.mkv=01;35:*.webm=01;35:*.webp=01;35:*.ogm=01;35:*.mp4=01;35:*.m4v=01;35:*.mp4v=01;35:*.vob=01;35:*.qt=01;35:*.nuv=01;35:*.wmv=01;35:*.asf=01;35:*.rm=01;35:*.rmvb=01;35:*.flc=01;35:*.avi=01;35:*.fli=01;35:*.flv=01;35:*.gl=01;35:*.dl=01;35:*.xcf=01;35:*.xwd=01;35:*.yuv=01;35:*.cgm=01;35:*.emf=01;35:*.ogv=01;35:*.ogx=01;35:*.aac=00;36:*.au=00;36:*.flac=00;36:*.m4a=00;36:*.mid=00;36:*.midi=00;36:*.mka=00;36:*.mp3=00;36:*.mpc=00;36:*.ogg=00;36:*.ra=00;36:*.wav=00;36:*.oga=00;36:*.opus=00;36:*.spx=00;36:*.xspf=00;36:'), ('SSH_AGENT_LAUNCHER', 'gnome-keyring'), ('SSH_AUTH_SOCK', '/run/user/1000/keyring/ssh'), ('AMENT_PREFIX_PATH', '/home/nipun/ros2RB_ws/install/turtlesim_assignment:/home/nipun/ros2RB_ws/install/simple_pkg_cpp:/home/nipun/ros2RB_ws/install/simple_pkg:/home/nipun/ros2RB_ws/install/rmp_ros2bot_description:/home/nipun/ros2RB_ws/install/learningPubSubPkg:/home/nipun/ros2RB_ws/install/assignment1_cpp:/home/nipun/ros2RB_ws/install/assignment1:/home/nipun/ros2_ws/install/my_robot_bringup:/home/nipun/ros2_ws/install/my_py_pkg:/home/nipun/ros2_ws/install/my_cpp_pkg:/home/nipun/ros2_ws/install/my_robot_interfaces:/opt/ros/humble'), ('SHELL', '/bin/bash'), ('TERMINATOR_UUID', 'urn:uuid:b6aae4a6-d57d-4b98-8853-6e1370ea29d0'), ('QT_ACCESSIBILITY', '1'), ('GDMSESSION', 'ubuntu'), ('LESSCLOSE', '/usr/bin/lesspipe %s %s'), ('QT_IM_MODULE', 'ibus'), ('PWD', '/home/nipun/ros2RB_ws/build/assignment1_cpp'), ('LC_ALL', 'en_US.UTF-8'), ('XDG_CONFIG_DIRS', '/etc/xdg/xdg-ubuntu:/etc/xdg'), ('XDG_DATA_DIRS', '/usr/share/ubuntu:/usr/local/share/:/usr/share/:/var/lib/snapd/desktop'), ('PYTHONPATH', '/home/nipun/ros2RB_ws/install/turtlesim_assignment/lib/python3.10/site-packages:/home/nipun/ros2RB_ws/install/simple_pkg/lib/python3.10/site-packages:/home/nipun/ros2RB_ws/install/rmp_ros2bot_description/lib/python3.10/site-packages:/home/nipun/ros2RB_ws/install/assignment1/lib/python3.10/site-packages:/home/nipun/ros2_ws/install/my_py_pkg/lib/python3.10/site-packages:/home/nipun/ros2_ws/install/my_robot_interfaces/local/lib/python3.10/dist-packages:/opt/ros/humble/lib/python3.10/site-packages:/opt/ros/humble/local/lib/python3.10/dist-packages'), ('COLCON', '1'), ('VTE_VERSION', '6800'), ('CMAKE_PREFIX_PATH', '/home/nipun/ros2RB_ws/install/simple_pkg_cpp:/home/nipun/ros2RB_ws/install/rmp_ros2bot_description:/home/nipun/ros2RB_ws/install/learningPubSubPkg:/home/nipun/ros2RB_ws/install/assignment1_cpp:/home/nipun/ros2_ws/install/my_robot_bringup:/home/nipun/ros2_ws/install/my_cpp_pkg:/home/nipun/ros2_ws/install/my_robot_interfaces:/home/nipun/ros2RB_ws/install/turtlesim_assignment:/home/nipun/ros2RB_ws/install/simple_pkg:/home/nipun/ros2RB_ws/install/assignment1:/home/nipun/ros2_ws/install/my_py_pkg:/opt/ros/humble')]), 'shell': False}
[3.125873] (-) TimerEvent: {}
[3.185690] (assignment1_cpp) StdoutLine: {'line': b'[ 16%] \x1b[32mBuilding CXX object CMakeFiles/NODE2.dir/src/temp_analysis.cpp.o\x1b[0m\n'}
[3.196384] (assignment1_cpp) StdoutLine: {'line': b'[ 33%] \x1b[32mBuilding CXX object CMakeFiles/NODE3.dir/src/status_sub.cpp.o\x1b[0m\n'}
[3.196645] (assignment1_cpp) StdoutLine: {'line': b'[ 50%] \x1b[32mBuilding CXX object CMakeFiles/NODE1.dir/src/temp_pub.cpp.o\x1b[0m\n'}
[3.226489] (-) TimerEvent: {}
[3.248667] (simple_pkg) StdoutLine: {'line': b'running egg_info\n'}
[3.249639] (simple_pkg) StdoutLine: {'line': b'creating ../build/simple_pkg/simple_pkg.egg-info\n'}
[3.249771] (simple_pkg) StdoutLine: {'line': b'writing ../build/simple_pkg/simple_pkg.egg-info/PKG-INFO\n'}
[3.250583] (simple_pkg) StdoutLine: {'line': b'writing dependency_links to ../build/simple_pkg/simple_pkg.egg-info/dependency_links.txt\n'}
[3.250707] (simple_pkg) StdoutLine: {'line': b'writing entry points to ../build/simple_pkg/simple_pkg.egg-info/entry_points.txt\n'}
[3.250796] (simple_pkg) StdoutLine: {'line': b'writing requirements to ../build/simple_pkg/simple_pkg.egg-info/requires.txt\n'}
[3.250900] (simple_pkg) StdoutLine: {'line': b'writing top-level names to ../build/simple_pkg/simple_pkg.egg-info/top_level.txt\n'}
[3.251815] (simple_pkg) StdoutLine: {'line': b"writing manifest file '../build/simple_pkg/simple_pkg.egg-info/SOURCES.txt'\n"}
[3.255589] (simple_pkg) StdoutLine: {'line': b"reading manifest file '../build/simple_pkg/simple_pkg.egg-info/SOURCES.txt'\n"}
[3.255788] (simple_pkg) StdoutLine: {'line': b"writing manifest file '../build/simple_pkg/simple_pkg.egg-info/SOURCES.txt'\n"}
[3.255949] (simple_pkg) StdoutLine: {'line': b'running build\n'}
[3.256128] (simple_pkg) StdoutLine: {'line': b'running build_py\n'}
[3.256217] (simple_pkg) StdoutLine: {'line': b'creating /home/nipun/ros2RB_ws/build/simple_pkg/build\n'}
[3.256310] (simple_pkg) StdoutLine: {'line': b'creating /home/nipun/ros2RB_ws/build/simple_pkg/build/lib\n'}
[3.256409] (simple_pkg) StdoutLine: {'line': b'creating /home/nipun/ros2RB_ws/build/simple_pkg/build/lib/simple_pkg\n'}
[3.258626] (simple_pkg) StdoutLine: {'line': b'copying simple_pkg/__init__.py -> /home/nipun/ros2RB_ws/build/simple_pkg/build/lib/simple_pkg\n'}
[3.258786] (simple_pkg) StdoutLine: {'line': b'copying simple_pkg/sub.py -> /home/nipun/ros2RB_ws/build/simple_pkg/build/lib/simple_pkg\n'}
[3.272602] (simple_pkg) StdoutLine: {'line': b'copying simple_pkg/pub.py -> /home/nipun/ros2RB_ws/build/simple_pkg/build/lib/simple_pkg\n'}
[3.272785] (simple_pkg) StdoutLine: {'line': b'running install\n'}
[3.272877] (simple_pkg) StdoutLine: {'line': b'running install_lib\n'}
[3.275792] (simple_pkg) StdoutLine: {'line': b'creating /home/nipun/ros2RB_ws/install/simple_pkg/lib/python3.10/site-packages/simple_pkg\n'}
[3.276027] (simple_pkg) StdoutLine: {'line': b'copying /home/nipun/ros2RB_ws/build/simple_pkg/build/lib/simple_pkg/__init__.py -> /home/nipun/ros2RB_ws/install/simple_pkg/lib/python3.10/site-packages/simple_pkg\n'}
[3.276740] (simple_pkg) StdoutLine: {'line': b'copying /home/nipun/ros2RB_ws/build/simple_pkg/build/lib/simple_pkg/sub.py -> /home/nipun/ros2RB_ws/install/simple_pkg/lib/python3.10/site-packages/simple_pkg\n'}
[3.276936] (simple_pkg) StdoutLine: {'line': b'copying /home/nipun/ros2RB_ws/build/simple_pkg/build/lib/simple_pkg/pub.py -> /home/nipun/ros2RB_ws/install/simple_pkg/lib/python3.10/site-packages/simple_pkg\n'}
[3.281481] (simple_pkg) StdoutLine: {'line': b'byte-compiling /home/nipun/ros2RB_ws/install/simple_pkg/lib/python3.10/site-packages/simple_pkg/__init__.py to __init__.cpython-310.pyc\n'}
[3.281661] (simple_pkg) StdoutLine: {'line': b'byte-compiling /home/nipun/ros2RB_ws/install/simple_pkg/lib/python3.10/site-packages/simple_pkg/sub.py to sub.cpython-310.pyc\n'}
[3.281774] (simple_pkg) StdoutLine: {'line': b'byte-compiling /home/nipun/ros2RB_ws/install/simple_pkg/lib/python3.10/site-packages/simple_pkg/pub.py to pub.cpython-310.pyc\n'}
[3.281874] (simple_pkg) StdoutLine: {'line': b'running install_data\n'}
[3.284918] (simple_pkg) StdoutLine: {'line': b'creating /home/nipun/ros2RB_ws/install/simple_pkg/share/ament_index\n'}
[3.285661] (simple_pkg) StdoutLine: {'line': b'creating /home/nipun/ros2RB_ws/install/simple_pkg/share/ament_index/resource_index\n'}
[3.285781] (simple_pkg) StdoutLine: {'line': b'creating /home/nipun/ros2RB_ws/install/simple_pkg/share/ament_index/resource_index/packages\n'}
[3.285870] (simple_pkg) StdoutLine: {'line': b'copying resource/simple_pkg -> /home/nipun/ros2RB_ws/install/simple_pkg/share/ament_index/resource_index/packages\n'}
[3.285955] (simple_pkg) StdoutLine: {'line': b'copying package.xml -> /home/nipun/ros2RB_ws/install/simple_pkg/share/simple_pkg\n'}
[3.286038] (simple_pkg) StdoutLine: {'line': b'running install_egg_info\n'}
[3.290607] (simple_pkg) StdoutLine: {'line': b'Copying ../build/simple_pkg/simple_pkg.egg-info to /home/nipun/ros2RB_ws/install/simple_pkg/lib/python3.10/site-packages/simple_pkg-0.0.0-py3.10.egg-info\n'}
[3.295613] (simple_pkg) StdoutLine: {'line': b'running install_scripts\n'}
[3.326590] (-) TimerEvent: {}
[3.334095] (simple_pkg_cpp) StdoutLine: {'line': b'-- Found Python3: /usr/bin/python3 (found version "3.10.12") found components: Interpreter \n'}
[3.356666] (simple_pkg) StdoutLine: {'line': b'Installing HelloWorldPublisher script to /home/nipun/ros2RB_ws/install/simple_pkg/lib/simple_pkg\n'}
[3.356889] (simple_pkg) StdoutLine: {'line': b'Installing HelloWorldSubscriber script to /home/nipun/ros2RB_ws/install/simple_pkg/lib/simple_pkg\n'}
[3.357793] (simple_pkg) StdoutLine: {'line': b"writing list of installed files to '/home/nipun/ros2RB_ws/build/simple_pkg/install.log'\n"}
[3.423553] (simple_pkg) CommandEnded: {'returncode': 0}
[3.426685] (-) TimerEvent: {}
[3.440142] (simple_pkg) JobEnded: {'identifier': 'simple_pkg', 'rc': 0}
[3.440516] (turtlesim_assignment) JobStarted: {'identifier': 'turtlesim_assignment'}
[3.529639] (-) TimerEvent: {}
[3.597669] (simple_pkg_cpp) StdoutLine: {'line': b'-- Found rclcpp: 16.0.10 (/opt/ros/humble/share/rclcpp/cmake)\n'}
[3.631615] (-) TimerEvent: {}
[3.731942] (-) TimerEvent: {}
[3.735659] (simple_pkg_cpp) StdoutLine: {'line': b'-- Found rosidl_generator_c: 3.1.5 (/opt/ros/humble/share/rosidl_generator_c/cmake)\n'}
[3.753591] (simple_pkg_cpp) StdoutLine: {'line': b'-- Found rosidl_adapter: 3.1.5 (/opt/ros/humble/share/rosidl_adapter/cmake)\n'}
[3.783654] (simple_pkg_cpp) StdoutLine: {'line': b'-- Found rosidl_generator_cpp: 3.1.5 (/opt/ros/humble/share/rosidl_generator_cpp/cmake)\n'}
[3.827637] (simple_pkg_cpp) StdoutLine: {'line': b'-- Using all available rosidl_typesupport_c: rosidl_typesupport_fastrtps_c;rosidl_typesupport_introspection_c\n'}
[3.833614] (-) TimerEvent: {}
[3.928763] (simple_pkg_cpp) StdoutLine: {'line': b'-- Using all available rosidl_typesupport_cpp: rosidl_typesupport_fastrtps_cpp;rosidl_typesupport_introspection_cpp\n'}
[3.933773] (-) TimerEvent: {}
[4.034535] (-) TimerEvent: {}
[4.135814] (-) TimerEvent: {}
[4.162649] (simple_pkg_cpp) StdoutLine: {'line': b'-- Found rmw_implementation_cmake: 6.1.2 (/opt/ros/humble/share/rmw_implementation_cmake/cmake)\n'}
[4.165949] (simple_pkg_cpp) StdoutLine: {'line': b'-- Found rmw_fastrtps_cpp: 6.2.7 (/opt/ros/humble/share/rmw_fastrtps_cpp/cmake)\n'}
[4.235959] (-) TimerEvent: {}
[4.299461] (simple_pkg_cpp) StdoutLine: {'line': b'-- Found OpenSSL: /usr/lib/x86_64-linux-gnu/libcrypto.so (found version "3.0.2")  \n'}
[4.336607] (-) TimerEvent: {}
[4.385652] (simple_pkg_cpp) StdoutLine: {'line': b'-- Found FastRTPS: /opt/ros/humble/include  \n'}
[4.436691] (-) TimerEvent: {}
[4.448581] (simple_pkg_cpp) StdoutLine: {'line': b"-- Using RMW implementation 'rmw_fastrtps_cpp' as default\n"}
[4.461369] (simple_pkg_cpp) StdoutLine: {'line': b'-- Looking for pthread.h\n'}
[4.536819] (-) TimerEvent: {}
[4.605924] (simple_pkg_cpp) StdoutLine: {'line': b'-- Looking for pthread.h - found\n'}
[4.607751] (simple_pkg_cpp) StdoutLine: {'line': b'-- Performing Test CMAKE_HAVE_LIBC_PTHREAD\n'}
[4.638621] (-) TimerEvent: {}
[4.739447] (-) TimerEvent: {}
[4.822674] (simple_pkg_cpp) StdoutLine: {'line': b'-- Performing Test CMAKE_HAVE_LIBC_PTHREAD - Success\n'}
[4.827702] (simple_pkg_cpp) StdoutLine: {'line': b'-- Found Threads: TRUE  \n'}
[4.839601] (-) TimerEvent: {}
[4.940041] (-) TimerEvent: {}
[5.040415] (-) TimerEvent: {}
[5.097648] (simple_pkg_cpp) StdoutLine: {'line': b'-- Found ament_lint_auto: 0.12.11 (/opt/ros/humble/share/ament_lint_auto/cmake)\n'}
[5.140570] (-) TimerEvent: {}
[5.240899] (-) TimerEvent: {}
[5.341234] (-) TimerEvent: {}
[5.411677] (turtlesim_assignment) Command: {'cmd': ['/usr/bin/python3', '-W', 'ignore:setup.py install is deprecated', 'setup.py', 'egg_info', '--egg-base', '../build/turtlesim_assignment', 'build', '--build-base', '/home/nipun/ros2RB_ws/build/turtlesim_assignment/build', 'install', '--record', '/home/nipun/ros2RB_ws/build/turtlesim_assignment/install.log', '--single-version-externally-managed', 'install_data'], 'cwd': '/home/nipun/ros2RB_ws/turtlesim_assignment', 'env': {'LESSOPEN': '| /usr/bin/lesspipe %s', 'LANGUAGE': 'en_IN:en', 'USER': 'nipun', 'XDG_SESSION_TYPE': 'wayland', 'SHLVL': '1', 'LD_LIBRARY_PATH': '/home/nipun/ros2_ws/install/my_robot_interfaces/lib:/usr/lib/x86_64-linux-gnu/gazebo-11/plugins:/opt/ros/humble/opt/rviz_ogre_vendor/lib:/opt/ros/humble/lib/x86_64-linux-gnu:/opt/ros/humble/lib', 'HOME': '/home/nipun', 'OLDPWD': '/home/nipun', 'DESKTOP_SESSION': 'ubuntu', 'ROS_PYTHON_VERSION': '3', 'GNOME_SHELL_SESSION_MODE': 'ubuntu', 'GTK_MODULES': 'gail:atk-bridge', 'MANAGERPID': '1569', 'SYSTEMD_EXEC_PID': '2000', 'DBUS_SESSION_BUS_ADDRESS': 'unix:path=/run/user/1000/bus', 'COLORTERM': 'truecolor', 'TERMINATOR_DBUS_NAME': 'net.tenshu.Terminator25ef4b219e3b005583550f2b0f9f990c3', 'GIO_LAUNCHED_DESKTOP_FILE_PID': '2496', 'IM_CONFIG_PHASE': '1', 'WAYLAND_DISPLAY': 'wayland-0', 'COLCON_PREFIX_PATH': '/home/nipun/ros2RB_ws/install:/home/nipun/ros2_ws/install', 'ROS_DISTRO': 'humble', 'LOGNAME': 'nipun', 'JOURNAL_STREAM': '8:10055', '_': '/usr/bin/colcon', 'ROS_VERSION': '2', 'XDG_SESSION_CLASS': 'user', 'USERNAME': 'nipun', 'TERM': 'xterm-256color', 'GNOME_DESKTOP_SESSION_ID': 'this-is-deprecated', 'ROS_LOCALHOST_ONLY': '0', 'PATH': '/opt/ros/humble/bin:/usr/local/sbin:/usr/local/bin:/usr/sbin:/usr/bin:/sbin:/bin:/usr/games:/usr/local/games:/snap/bin:/snap/bin', 'SESSION_MANAGER': 'local/nipun-virtual-machine:@/tmp/.ICE-unix/1700,unix/nipun-virtual-machine:/tmp/.ICE-unix/1700', 'INVOCATION_ID': '55ee519092c04a5bae1b924a07aea81c', 'XDG_MENU_PREFIX': 'gnome-', 'GNOME_SETUP_DISPLAY': ':1', 'XDG_RUNTIME_DIR': '/run/user/1000', 'DISPLAY': ':0', 'TERMINATOR_DBUS_PATH': '/net/tenshu/Terminator2', 'LANG': 'en_US.UTF-8', 'XDG_CURRENT_DESKTOP': 'ubuntu:GNOME', 'IBUS_DISABLE_SNOOPER': '1', 'XMODIFIERS': '@im=ibus', 'XDG_SESSION_DESKTOP': 'ubuntu', 'XAUTHORITY': '/run/user/1000/.mutter-Xwaylandauth.M1JGW2', 'LS_COLORS': 'rs=0:di=01;34:ln=01;36:mh=00:pi=40;33:so=01;35:do=01;35:bd=40;33;01:cd=40;33;01:or=40;31;01:mi=00:su=37;41:sg=30;43:ca=30;41:tw=30;42:ow=34;42:st=37;44:ex=01;32:*.tar=01;31:*.tgz=01;31:*.arc=01;31:*.arj=01;31:*.taz=01;31:*.lha=01;31:*.lz4=01;31:*.lzh=01;31:*.lzma=01;31:*.tlz=01;31:*.txz=01;31:*.tzo=01;31:*.t7z=01;31:*.zip=01;31:*.z=01;31:*.dz=01;31:*.gz=01;31:*.lrz=01;31:*.lz=01;31:*.lzo=01;31:*.xz=01;31:*.zst=01;31:*.tzst=01;31:*.bz2=01;31:*.bz=01;31:*.tbz=01;31:*.tbz2=01;31:*.tz=01;31:*.deb=01;31:*.rpm=01;31:*.jar=01;31:*.war=01;31:*.ear=01;31:*.sar=01;31:*.rar=01;31:*.alz=01;31:*.ace=01;31:*.zoo=01;31:*.cpio=01;31:*.7z=01;31:*.rz=01;31:*.cab=01;31:*.wim=01;31:*.swm=01;31:*.dwm=01;31:*.esd=01;31:*.jpg=01;35:*.jpeg=01;35:*.mjpg=01;35:*.mjpeg=01;35:*.gif=01;35:*.bmp=01;35:*.pbm=01;35:*.pgm=01;35:*.ppm=01;35:*.tga=01;35:*.xbm=01;35:*.xpm=01;35:*.tif=01;35:*.tiff=01;35:*.png=01;35:*.svg=01;35:*.svgz=01;35:*.mng=01;35:*.pcx=01;35:*.mov=01;35:*.mpg=01;35:*.mpeg=01;35:*.m2v=01;35:*.mkv=01;35:*.webm=01;35:*.webp=01;35:*.ogm=01;35:*.mp4=01;35:*.m4v=01;35:*.mp4v=01;35:*.vob=01;35:*.qt=01;35:*.nuv=01;35:*.wmv=01;35:*.asf=01;35:*.rm=01;35:*.rmvb=01;35:*.flc=01;35:*.avi=01;35:*.fli=01;35:*.flv=01;35:*.gl=01;35:*.dl=01;35:*.xcf=01;35:*.xwd=01;35:*.yuv=01;35:*.cgm=01;35:*.emf=01;35:*.ogv=01;35:*.ogx=01;35:*.aac=00;36:*.au=00;36:*.flac=00;36:*.m4a=00;36:*.mid=00;36:*.midi=00;36:*.mka=00;36:*.mp3=00;36:*.mpc=00;36:*.ogg=00;36:*.ra=00;36:*.wav=00;36:*.oga=00;36:*.opus=00;36:*.spx=00;36:*.xspf=00;36:', 'SSH_AGENT_LAUNCHER': 'gnome-keyring', 'SSH_AUTH_SOCK': '/run/user/1000/keyring/ssh', 'AMENT_PREFIX_PATH': '/home/nipun/ros2RB_ws/install/turtlesim_assignment:/home/nipun/ros2RB_ws/install/simple_pkg_cpp:/home/nipun/ros2RB_ws/install/simple_pkg:/home/nipun/ros2RB_ws/install/rmp_ros2bot_description:/home/nipun/ros2RB_ws/install/learningPubSubPkg:/home/nipun/ros2RB_ws/install/assignment1_cpp:/home/nipun/ros2RB_ws/install/assignment1:/home/nipun/ros2_ws/install/my_robot_bringup:/home/nipun/ros2_ws/install/my_py_pkg:/home/nipun/ros2_ws/install/my_cpp_pkg:/home/nipun/ros2_ws/install/my_robot_interfaces:/opt/ros/humble', 'SHELL': '/bin/bash', 'TERMINATOR_UUID': 'urn:uuid:b6aae4a6-d57d-4b98-8853-6e1370ea29d0', 'QT_ACCESSIBILITY': '1', 'GDMSESSION': 'ubuntu', 'LESSCLOSE': '/usr/bin/lesspipe %s %s', 'QT_IM_MODULE': 'ibus', 'PWD': '/home/nipun/ros2RB_ws/build/turtlesim_assignment', 'LC_ALL': 'en_US.UTF-8', 'XDG_CONFIG_DIRS': '/etc/xdg/xdg-ubuntu:/etc/xdg', 'XDG_DATA_DIRS': '/usr/share/ubuntu:/usr/local/share/:/usr/share/:/var/lib/snapd/desktop', 'PYTHONPATH': '/home/nipun/ros2RB_ws/build/turtlesim_assignment/prefix_override:/usr/lib/python3/dist-packages/colcon_core/task/python/colcon_distutils_commands:/home/nipun/ros2RB_ws/install/turtlesim_assignment/lib/python3.10/site-packages:/home/nipun/ros2RB_ws/install/turtlesim_assignment/lib/python3.10/site-packages:/home/nipun/ros2RB_ws/install/simple_pkg/lib/python3.10/site-packages:/home/nipun/ros2RB_ws/install/rmp_ros2bot_description/lib/python3.10/site-packages:/home/nipun/ros2RB_ws/install/assignment1/lib/python3.10/site-packages:/home/nipun/ros2_ws/install/my_py_pkg/lib/python3.10/site-packages:/home/nipun/ros2_ws/install/my_robot_interfaces/local/lib/python3.10/dist-packages:/opt/ros/humble/lib/python3.10/site-packages:/opt/ros/humble/local/lib/python3.10/dist-packages', 'COLCON': '1', 'VTE_VERSION': '6800', 'CMAKE_PREFIX_PATH': '/home/nipun/ros2RB_ws/install/simple_pkg_cpp:/home/nipun/ros2RB_ws/install/rmp_ros2bot_description:/home/nipun/ros2RB_ws/install/learningPubSubPkg:/home/nipun/ros2RB_ws/install/assignment1_cpp:/home/nipun/ros2_ws/install/my_robot_bringup:/home/nipun/ros2_ws/install/my_cpp_pkg:/home/nipun/ros2_ws/install/my_robot_interfaces'}, 'shell': False}
[5.420643] (simple_pkg_cpp) StdoutLine: {'line': b"-- Added test 'cppcheck' to perform static code analysis on C / C++ code\n"}
[5.420822] (simple_pkg_cpp) StdoutLine: {'line': b'-- Configured cppcheck include dirs: \n'}
[5.420914] (simple_pkg_cpp) StdoutLine: {'line': b'-- Configured cppcheck exclude dirs and/or files: \n'}
[5.422550] (simple_pkg_cpp) StdoutLine: {'line': b"-- Added test 'flake8' to check Python code syntax and style conventions\n"}
[5.427853] (simple_pkg_cpp) StdoutLine: {'line': b"-- Added test 'lint_cmake' to check CMake code style\n"}
[5.430047] (simple_pkg_cpp) StdoutLine: {'line': b"-- Added test 'pep257' to check Python code against some of the docstring style conventions in PEP 257\n"}
[5.441364] (-) TimerEvent: {}
[5.445622] (simple_pkg_cpp) StdoutLine: {'line': b"-- Added test 'uncrustify' to check C / C++ code style\n"}
[5.445803] (simple_pkg_cpp) StdoutLine: {'line': b'-- Configured uncrustify additional arguments: \n'}
[5.448622] (simple_pkg_cpp) StdoutLine: {'line': b"-- Added test 'xmllint' to check XML markup files\n"}
[5.458659] (simple_pkg_cpp) StdoutLine: {'line': b'-- Configuring done\n'}
[5.497714] (simple_pkg_cpp) StdoutLine: {'line': b'-- Generating done\n'}
[5.515242] (simple_pkg_cpp) StdoutLine: {'line': b'-- Build files have been written to: /home/nipun/ros2RB_ws/build/simple_pkg_cpp\n'}
[5.530667] (simple_pkg_cpp) CommandEnded: {'returncode': 0}
[5.534707] (simple_pkg_cpp) JobProgress: {'identifier': 'simple_pkg_cpp', 'progress': 'build'}
[5.534790] (simple_pkg_cpp) Command: {'cmd': ['/usr/bin/cmake', '--build', '/home/nipun/ros2RB_ws/build/simple_pkg_cpp', '--', '-j3', '-l3'], 'cwd': '/home/nipun/ros2RB_ws/build/simple_pkg_cpp', 'env': OrderedDict([('LESSOPEN', '| /usr/bin/lesspipe %s'), ('LANGUAGE', 'en_IN:en'), ('USER', 'nipun'), ('XDG_SESSION_TYPE', 'wayland'), ('SHLVL', '1'), ('LD_LIBRARY_PATH', '/home/nipun/ros2_ws/install/my_robot_interfaces/lib:/usr/lib/x86_64-linux-gnu/gazebo-11/plugins:/opt/ros/humble/opt/rviz_ogre_vendor/lib:/opt/ros/humble/lib/x86_64-linux-gnu:/opt/ros/humble/lib'), ('HOME', '/home/nipun'), ('OLDPWD', '/home/nipun'), ('DESKTOP_SESSION', 'ubuntu'), ('ROS_PYTHON_VERSION', '3'), ('GNOME_SHELL_SESSION_MODE', 'ubuntu'), ('GTK_MODULES', 'gail:atk-bridge'), ('MANAGERPID', '1569'), ('SYSTEMD_EXEC_PID', '2000'), ('DBUS_SESSION_BUS_ADDRESS', 'unix:path=/run/user/1000/bus'), ('COLORTERM', 'truecolor'), ('TERMINATOR_DBUS_NAME', 'net.tenshu.Terminator25ef4b219e3b005583550f2b0f9f990c3'), ('GIO_LAUNCHED_DESKTOP_FILE_PID', '2496'), ('IM_CONFIG_PHASE', '1'), ('WAYLAND_DISPLAY', 'wayland-0'), ('COLCON_PREFIX_PATH', '/home/nipun/ros2RB_ws/install:/home/nipun/ros2_ws/install'), ('ROS_DISTRO', 'humble'), ('LOGNAME', 'nipun'), ('JOURNAL_STREAM', '8:10055'), ('_', '/usr/bin/colcon'), ('ROS_VERSION', '2'), ('XDG_SESSION_CLASS', 'user'), ('USERNAME', 'nipun'), ('TERM', 'xterm-256color'), ('GNOME_DESKTOP_SESSION_ID', 'this-is-deprecated'), ('ROS_LOCALHOST_ONLY', '0'), ('PATH', '/opt/ros/humble/bin:/usr/local/sbin:/usr/local/bin:/usr/sbin:/usr/bin:/sbin:/bin:/usr/games:/usr/local/games:/snap/bin:/snap/bin'), ('SESSION_MANAGER', 'local/nipun-virtual-machine:@/tmp/.ICE-unix/1700,unix/nipun-virtual-machine:/tmp/.ICE-unix/1700'), ('INVOCATION_ID', '55ee519092c04a5bae1b924a07aea81c'), ('XDG_MENU_PREFIX', 'gnome-'), ('GNOME_SETUP_DISPLAY', ':1'), ('XDG_RUNTIME_DIR', '/run/user/1000'), ('DISPLAY', ':0'), ('TERMINATOR_DBUS_PATH', '/net/tenshu/Terminator2'), ('LANG', 'en_US.UTF-8'), ('XDG_CURRENT_DESKTOP', 'ubuntu:GNOME'), ('IBUS_DISABLE_SNOOPER', '1'), ('XMODIFIERS', '@im=ibus'), ('XDG_SESSION_DESKTOP', 'ubuntu'), ('XAUTHORITY', '/run/user/1000/.mutter-Xwaylandauth.M1JGW2'), ('LS_COLORS', 'rs=0:di=01;34:ln=01;36:mh=00:pi=40;33:so=01;35:do=01;35:bd=40;33;01:cd=40;33;01:or=40;31;01:mi=00:su=37;41:sg=30;43:ca=30;41:tw=30;42:ow=34;42:st=37;44:ex=01;32:*.tar=01;31:*.tgz=01;31:*.arc=01;31:*.arj=01;31:*.taz=01;31:*.lha=01;31:*.lz4=01;31:*.lzh=01;31:*.lzma=01;31:*.tlz=01;31:*.txz=01;31:*.tzo=01;31:*.t7z=01;31:*.zip=01;31:*.z=01;31:*.dz=01;31:*.gz=01;31:*.lrz=01;31:*.lz=01;31:*.lzo=01;31:*.xz=01;31:*.zst=01;31:*.tzst=01;31:*.bz2=01;31:*.bz=01;31:*.tbz=01;31:*.tbz2=01;31:*.tz=01;31:*.deb=01;31:*.rpm=01;31:*.jar=01;31:*.war=01;31:*.ear=01;31:*.sar=01;31:*.rar=01;31:*.alz=01;31:*.ace=01;31:*.zoo=01;31:*.cpio=01;31:*.7z=01;31:*.rz=01;31:*.cab=01;31:*.wim=01;31:*.swm=01;31:*.dwm=01;31:*.esd=01;31:*.jpg=01;35:*.jpeg=01;35:*.mjpg=01;35:*.mjpeg=01;35:*.gif=01;35:*.bmp=01;35:*.pbm=01;35:*.pgm=01;35:*.ppm=01;35:*.tga=01;35:*.xbm=01;35:*.xpm=01;35:*.tif=01;35:*.tiff=01;35:*.png=01;35:*.svg=01;35:*.svgz=01;35:*.mng=01;35:*.pcx=01;35:*.mov=01;35:*.mpg=01;35:*.mpeg=01;35:*.m2v=01;35:*.mkv=01;35:*.webm=01;35:*.webp=01;35:*.ogm=01;35:*.mp4=01;35:*.m4v=01;35:*.mp4v=01;35:*.vob=01;35:*.qt=01;35:*.nuv=01;35:*.wmv=01;35:*.asf=01;35:*.rm=01;35:*.rmvb=01;35:*.flc=01;35:*.avi=01;35:*.fli=01;35:*.flv=01;35:*.gl=01;35:*.dl=01;35:*.xcf=01;35:*.xwd=01;35:*.yuv=01;35:*.cgm=01;35:*.emf=01;35:*.ogv=01;35:*.ogx=01;35:*.aac=00;36:*.au=00;36:*.flac=00;36:*.m4a=00;36:*.mid=00;36:*.midi=00;36:*.mka=00;36:*.mp3=00;36:*.mpc=00;36:*.ogg=00;36:*.ra=00;36:*.wav=00;36:*.oga=00;36:*.opus=00;36:*.spx=00;36:*.xspf=00;36:'), ('SSH_AGENT_LAUNCHER', 'gnome-keyring'), ('SSH_AUTH_SOCK', '/run/user/1000/keyring/ssh'), ('AMENT_PREFIX_PATH', '/home/nipun/ros2RB_ws/install/turtlesim_assignment:/home/nipun/ros2RB_ws/install/simple_pkg_cpp:/home/nipun/ros2RB_ws/install/simple_pkg:/home/nipun/ros2RB_ws/install/rmp_ros2bot_description:/home/nipun/ros2RB_ws/install/learningPubSubPkg:/home/nipun/ros2RB_ws/install/assignment1_cpp:/home/nipun/ros2RB_ws/install/assignment1:/home/nipun/ros2_ws/install/my_robot_bringup:/home/nipun/ros2_ws/install/my_py_pkg:/home/nipun/ros2_ws/install/my_cpp_pkg:/home/nipun/ros2_ws/install/my_robot_interfaces:/opt/ros/humble'), ('SHELL', '/bin/bash'), ('TERMINATOR_UUID', 'urn:uuid:b6aae4a6-d57d-4b98-8853-6e1370ea29d0'), ('QT_ACCESSIBILITY', '1'), ('GDMSESSION', 'ubuntu'), ('LESSCLOSE', '/usr/bin/lesspipe %s %s'), ('QT_IM_MODULE', 'ibus'), ('PWD', '/home/nipun/ros2RB_ws/build/simple_pkg_cpp'), ('LC_ALL', 'en_US.UTF-8'), ('XDG_CONFIG_DIRS', '/etc/xdg/xdg-ubuntu:/etc/xdg'), ('XDG_DATA_DIRS', '/usr/share/ubuntu:/usr/local/share/:/usr/share/:/var/lib/snapd/desktop'), ('PYTHONPATH', '/home/nipun/ros2RB_ws/install/turtlesim_assignment/lib/python3.10/site-packages:/home/nipun/ros2RB_ws/install/simple_pkg/lib/python3.10/site-packages:/home/nipun/ros2RB_ws/install/rmp_ros2bot_description/lib/python3.10/site-packages:/home/nipun/ros2RB_ws/install/assignment1/lib/python3.10/site-packages:/home/nipun/ros2_ws/install/my_py_pkg/lib/python3.10/site-packages:/home/nipun/ros2_ws/install/my_robot_interfaces/local/lib/python3.10/dist-packages:/opt/ros/humble/lib/python3.10/site-packages:/opt/ros/humble/local/lib/python3.10/dist-packages'), ('COLCON', '1'), ('VTE_VERSION', '6800'), ('CMAKE_PREFIX_PATH', '/home/nipun/ros2RB_ws/install/simple_pkg_cpp:/home/nipun/ros2RB_ws/install/rmp_ros2bot_description:/home/nipun/ros2RB_ws/install/learningPubSubPkg:/home/nipun/ros2RB_ws/install/assignment1_cpp:/home/nipun/ros2_ws/install/my_robot_bringup:/home/nipun/ros2_ws/install/my_cpp_pkg:/home/nipun/ros2_ws/install/my_robot_interfaces:/home/nipun/ros2RB_ws/install/turtlesim_assignment:/home/nipun/ros2RB_ws/install/simple_pkg:/home/nipun/ros2RB_ws/install/assignment1:/home/nipun/ros2_ws/install/my_py_pkg:/opt/ros/humble')]), 'shell': False}
[5.542671] (-) TimerEvent: {}
[5.644651] (-) TimerEvent: {}
[5.701657] (simple_pkg_cpp) StdoutLine: {'line': b'[ 25%] \x1b[32mBuilding CXX object CMakeFiles/HelloWorldPublisherCpp.dir/src/publisher.cpp.o\x1b[0m\n'}
[5.708008] (simple_pkg_cpp) StdoutLine: {'line': b'[ 50%] \x1b[32mBuilding CXX object CMakeFiles/HelloWorldSubscriberCpp.dir/src/subscriber.cpp.o\x1b[0m\n'}
[5.744789] (-) TimerEvent: {}
[5.845236] (-) TimerEvent: {}
[5.948609] (-) TimerEvent: {}
[6.048927] (-) TimerEvent: {}
[6.149292] (-) TimerEvent: {}
[6.249598] (-) TimerEvent: {}
[6.343553] (turtlesim_assignment) StdoutLine: {'line': b'running egg_info\n'}
[6.347425] (turtlesim_assignment) StdoutLine: {'line': b'creating ../build/turtlesim_assignment/turtlesim_assignment.egg-info\n'}
[6.349090] (turtlesim_assignment) StdoutLine: {'line': b'writing ../build/turtlesim_assignment/turtlesim_assignment.egg-info/PKG-INFO\n'}
[6.352580] (turtlesim_assignment) StdoutLine: {'line': b'writing dependency_links to ../build/turtlesim_assignment/turtlesim_assignment.egg-info/dependency_links.txt\n'}
[6.354638] (-) TimerEvent: {}
[6.354792] (turtlesim_assignment) StdoutLine: {'line': b'writing entry points to ../build/turtlesim_assignment/turtlesim_assignment.egg-info/entry_points.txt\n'}
[6.354900] (turtlesim_assignment) StdoutLine: {'line': b'writing requirements to ../build/turtlesim_assignment/turtlesim_assignment.egg-info/requires.txt\n'}
[6.354988] (turtlesim_assignment) StdoutLine: {'line': b'writing top-level names to ../build/turtlesim_assignment/turtlesim_assignment.egg-info/top_level.txt\n'}
[6.355071] (turtlesim_assignment) StdoutLine: {'line': b"writing manifest file '../build/turtlesim_assignment/turtlesim_assignment.egg-info/SOURCES.txt'\n"}
[6.359666] (turtlesim_assignment) StdoutLine: {'line': b"reading manifest file '../build/turtlesim_assignment/turtlesim_assignment.egg-info/SOURCES.txt'\n"}
[6.361189] (turtlesim_assignment) StdoutLine: {'line': b"writing manifest file '../build/turtlesim_assignment/turtlesim_assignment.egg-info/SOURCES.txt'\n"}
[6.361426] (turtlesim_assignment) StdoutLine: {'line': b'running build\n'}
[6.361690] (turtlesim_assignment) StdoutLine: {'line': b'running build_py\n'}
[6.365676] (turtlesim_assignment) StdoutLine: {'line': b'creating /home/nipun/ros2RB_ws/build/turtlesim_assignment/build\n'}
[6.365865] (turtlesim_assignment) StdoutLine: {'line': b'creating /home/nipun/ros2RB_ws/build/turtlesim_assignment/build/lib\n'}
[6.365957] (turtlesim_assignment) StdoutLine: {'line': b'creating /home/nipun/ros2RB_ws/build/turtlesim_assignment/build/lib/turtlesim_assignment\n'}
[6.366042] (turtlesim_assignment) StdoutLine: {'line': b'copying turtlesim_assignment/move_turtle.py -> /home/nipun/ros2RB_ws/build/turtlesim_assignment/build/lib/turtlesim_assignment\n'}
[6.377035] (turtlesim_assignment) StdoutLine: {'line': b'copying turtlesim_assignment/__init__.py -> /home/nipun/ros2RB_ws/build/turtlesim_assignment/build/lib/turtlesim_assignment\n'}
[6.380082] (turtlesim_assignment) StdoutLine: {'line': b'creating /home/nipun/ros2RB_ws/build/turtlesim_assignment/build/lib/turtlesim_assignment/open_loop\n'}
[6.380262] (turtlesim_assignment) StdoutLine: {'line': b'copying turtlesim_assignment/open_loop/__init__.py -> /home/nipun/ros2RB_ws/build/turtlesim_assignment/build/lib/turtlesim_assignment/open_loop\n'}
[6.380356] (turtlesim_assignment) StdoutLine: {'line': b'copying turtlesim_assignment/open_loop/triangle_open.py -> /home/nipun/ros2RB_ws/build/turtlesim_assignment/build/lib/turtlesim_assignment/open_loop\n'}
[6.382588] (turtlesim_assignment) StdoutLine: {'line': b'copying turtlesim_assignment/open_loop/square_open.py -> /home/nipun/ros2RB_ws/build/turtlesim_assignment/build/lib/turtlesim_assignment/open_loop\n'}
[6.382760] (turtlesim_assignment) StdoutLine: {'line': b'copying turtlesim_assignment/open_loop/star_open_loop.py -> /home/nipun/ros2RB_ws/build/turtlesim_assignment/build/lib/turtlesim_assignment/open_loop\n'}
[6.384618] (turtlesim_assignment) StdoutLine: {'line': b'creating /home/nipun/ros2RB_ws/build/turtlesim_assignment/build/lib/turtlesim_assignment/closed_loop\n'}
[6.384817] (turtlesim_assignment) StdoutLine: {'line': b'copying turtlesim_assignment/closed_loop/triangle_closed.py -> /home/nipun/ros2RB_ws/build/turtlesim_assignment/build/lib/turtlesim_assignment/closed_loop\n'}
[6.384925] (turtlesim_assignment) StdoutLine: {'line': b'copying turtlesim_assignment/closed_loop/star_closed.py -> /home/nipun/ros2RB_ws/build/turtlesim_assignment/build/lib/turtlesim_assignment/closed_loop\n'}
[6.385119] (turtlesim_assignment) StdoutLine: {'line': b'copying turtlesim_assignment/closed_loop/__init__.py -> /home/nipun/ros2RB_ws/build/turtlesim_assignment/build/lib/turtlesim_assignment/closed_loop\n'}
[6.386669] (turtlesim_assignment) StdoutLine: {'line': b'copying turtlesim_assignment/closed_loop/square_closed.py -> /home/nipun/ros2RB_ws/build/turtlesim_assignment/build/lib/turtlesim_assignment/closed_loop\n'}
[6.388227] (turtlesim_assignment) StdoutLine: {'line': b'running install\n'}
[6.391619] (turtlesim_assignment) StdoutLine: {'line': b'running install_lib\n'}
[6.392730] (turtlesim_assignment) StdoutLine: {'line': b'creating /home/nipun/ros2RB_ws/install/turtlesim_assignment/lib/python3.10/site-packages/turtlesim_assignment\n'}
[6.393154] (turtlesim_assignment) StdoutLine: {'line': b'copying /home/nipun/ros2RB_ws/build/turtlesim_assignment/build/lib/turtlesim_assignment/move_turtle.py -> /home/nipun/ros2RB_ws/install/turtlesim_assignment/lib/python3.10/site-packages/turtlesim_assignment\n'}
[6.393273] (turtlesim_assignment) StdoutLine: {'line': b'creating /home/nipun/ros2RB_ws/install/turtlesim_assignment/lib/python3.10/site-packages/turtlesim_assignment/open_loop\n'}
[6.396480] (turtlesim_assignment) StdoutLine: {'line': b'copying /home/nipun/ros2RB_ws/build/turtlesim_assignment/build/lib/turtlesim_assignment/open_loop/__init__.py -> /home/nipun/ros2RB_ws/install/turtlesim_assignment/lib/python3.10/site-packages/turtlesim_assignment/open_loop\n'}
[6.396654] (turtlesim_assignment) StdoutLine: {'line': b'copying /home/nipun/ros2RB_ws/build/turtlesim_assignment/build/lib/turtlesim_assignment/open_loop/triangle_open.py -> /home/nipun/ros2RB_ws/install/turtlesim_assignment/lib/python3.10/site-packages/turtlesim_assignment/open_loop\n'}
[6.396749] (turtlesim_assignment) StdoutLine: {'line': b'copying /home/nipun/ros2RB_ws/build/turtlesim_assignment/build/lib/turtlesim_assignment/open_loop/square_open.py -> /home/nipun/ros2RB_ws/install/turtlesim_assignment/lib/python3.10/site-packages/turtlesim_assignment/open_loop\n'}
[6.396835] (turtlesim_assignment) StdoutLine: {'line': b'copying /home/nipun/ros2RB_ws/build/turtlesim_assignment/build/lib/turtlesim_assignment/open_loop/star_open_loop.py -> /home/nipun/ros2RB_ws/install/turtlesim_assignment/lib/python3.10/site-packages/turtlesim_assignment/open_loop\n'}
[6.396979] (turtlesim_assignment) StdoutLine: {'line': b'copying /home/nipun/ros2RB_ws/build/turtlesim_assignment/build/lib/turtlesim_assignment/__init__.py -> /home/nipun/ros2RB_ws/install/turtlesim_assignment/lib/python3.10/site-packages/turtlesim_assignment\n'}
[6.397072] (turtlesim_assignment) StdoutLine: {'line': b'creating /home/nipun/ros2RB_ws/install/turtlesim_assignment/lib/python3.10/site-packages/turtlesim_assignment/closed_loop\n'}
[6.397156] (turtlesim_assignment) StdoutLine: {'line': b'copying /home/nipun/ros2RB_ws/build/turtlesim_assignment/build/lib/turtlesim_assignment/closed_loop/triangle_closed.py -> /home/nipun/ros2RB_ws/install/turtlesim_assignment/lib/python3.10/site-packages/turtlesim_assignment/closed_loop\n'}
[6.397239] (turtlesim_assignment) StdoutLine: {'line': b'copying /home/nipun/ros2RB_ws/build/turtlesim_assignment/build/lib/turtlesim_assignment/closed_loop/star_closed.py -> /home/nipun/ros2RB_ws/install/turtlesim_assignment/lib/python3.10/site-packages/turtlesim_assignment/closed_loop\n'}
[6.397320] (turtlesim_assignment) StdoutLine: {'line': b'copying /home/nipun/ros2RB_ws/build/turtlesim_assignment/build/lib/turtlesim_assignment/closed_loop/__init__.py -> /home/nipun/ros2RB_ws/install/turtlesim_assignment/lib/python3.10/site-packages/turtlesim_assignment/closed_loop\n'}
[6.397409] (turtlesim_assignment) StdoutLine: {'line': b'copying /home/nipun/ros2RB_ws/build/turtlesim_assignment/build/lib/turtlesim_assignment/closed_loop/square_closed.py -> /home/nipun/ros2RB_ws/install/turtlesim_assignment/lib/python3.10/site-packages/turtlesim_assignment/closed_loop\n'}
[6.398602] (turtlesim_assignment) StdoutLine: {'line': b'byte-compiling /home/nipun/ros2RB_ws/install/turtlesim_assignment/lib/python3.10/site-packages/turtlesim_assignment/move_turtle.py to move_turtle.cpython-310.pyc\n'}
[6.398737] (turtlesim_assignment) StdoutLine: {'line': b'byte-compiling /home/nipun/ros2RB_ws/install/turtlesim_assignment/lib/python3.10/site-packages/turtlesim_assignment/open_loop/__init__.py to __init__.cpython-310.pyc\n'}
[6.398914] (turtlesim_assignment) StdoutLine: {'line': b'byte-compiling /home/nipun/ros2RB_ws/install/turtlesim_assignment/lib/python3.10/site-packages/turtlesim_assignment/open_loop/triangle_open.py to triangle_open.cpython-310.pyc\n'}
[6.400761] (turtlesim_assignment) StdoutLine: {'line': b'byte-compiling /home/nipun/ros2RB_ws/install/turtlesim_assignment/lib/python3.10/site-packages/turtlesim_assignment/open_loop/square_open.py to square_open.cpython-310.pyc\n'}
[6.403594] (turtlesim_assignment) StdoutLine: {'line': b'byte-compiling /home/nipun/ros2RB_ws/install/turtlesim_assignment/lib/python3.10/site-packages/turtlesim_assignment/open_loop/star_open_loop.py to star_open_loop.cpython-310.pyc\n'}
[6.403814] (turtlesim_assignment) StdoutLine: {'line': b'byte-compiling /home/nipun/ros2RB_ws/install/turtlesim_assignment/lib/python3.10/site-packages/turtlesim_assignment/__init__.py to __init__.cpython-310.pyc\n'}
[6.406645] (turtlesim_assignment) StdoutLine: {'line': b'byte-compiling /home/nipun/ros2RB_ws/install/turtlesim_assignment/lib/python3.10/site-packages/turtlesim_assignment/closed_loop/triangle_closed.py to triangle_closed.cpython-310.pyc\n'}
[6.407233] (turtlesim_assignment) StdoutLine: {'line': b'byte-compiling /home/nipun/ros2RB_ws/install/turtlesim_assignment/lib/python3.10/site-packages/turtlesim_assignment/closed_loop/star_closed.py to star_closed.cpython-310.pyc\n'}
[6.410688] (turtlesim_assignment) StdoutLine: {'line': b'byte-compiling /home/nipun/ros2RB_ws/install/turtlesim_assignment/lib/python3.10/site-packages/turtlesim_assignment/closed_loop/__init__.py to __init__.cpython-310.pyc\n'}
[6.411606] (turtlesim_assignment) StdoutLine: {'line': b'byte-compiling /home/nipun/ros2RB_ws/install/turtlesim_assignment/lib/python3.10/site-packages/turtlesim_assignment/closed_loop/square_closed.py to square_closed.cpython-310.pyc\n'}
[6.415179] (turtlesim_assignment) StdoutLine: {'line': b'running install_data\n'}
[6.415355] (turtlesim_assignment) StdoutLine: {'line': b'creating /home/nipun/ros2RB_ws/install/turtlesim_assignment/share/ament_index\n'}
[6.415448] (turtlesim_assignment) StdoutLine: {'line': b'creating /home/nipun/ros2RB_ws/install/turtlesim_assignment/share/ament_index/resource_index\n'}
[6.415600] (turtlesim_assignment) StdoutLine: {'line': b'creating /home/nipun/ros2RB_ws/install/turtlesim_assignment/share/ament_index/resource_index/packages\n'}
[6.415701] (turtlesim_assignment) StdoutLine: {'line': b'copying resource/turtlesim_assignment -> /home/nipun/ros2RB_ws/install/turtlesim_assignment/share/ament_index/resource_index/packages\n'}
[6.418584] (turtlesim_assignment) StdoutLine: {'line': b'copying package.xml -> /home/nipun/ros2RB_ws/install/turtlesim_assignment/share/turtlesim_assignment\n'}
[6.418756] (turtlesim_assignment) StdoutLine: {'line': b'running install_egg_info\n'}
[6.419642] (turtlesim_assignment) StdoutLine: {'line': b'Copying ../build/turtlesim_assignment/turtlesim_assignment.egg-info to /home/nipun/ros2RB_ws/install/turtlesim_assignment/lib/python3.10/site-packages/turtlesim_assignment-0.0.0-py3.10.egg-info\n'}
[6.422890] (turtlesim_assignment) StdoutLine: {'line': b'running install_scripts\n'}
[6.454772] (-) TimerEvent: {}
[6.541577] (turtlesim_assignment) StdoutLine: {'line': b'Installing displace_turtle script to /home/nipun/ros2RB_ws/install/turtlesim_assignment/lib/turtlesim_assignment\n'}
[6.541754] (turtlesim_assignment) StdoutLine: {'line': b'Installing square_closed_loop script to /home/nipun/ros2RB_ws/install/turtlesim_assignment/lib/turtlesim_assignment\n'}
[6.541845] (turtlesim_assignment) StdoutLine: {'line': b'Installing square_open_loop script to /home/nipun/ros2RB_ws/install/turtlesim_assignment/lib/turtlesim_assignment\n'}
[6.541941] (turtlesim_assignment) StdoutLine: {'line': b'Installing star_closed_loop script to /home/nipun/ros2RB_ws/install/turtlesim_assignment/lib/turtlesim_assignment\n'}
[6.542025] (turtlesim_assignment) StdoutLine: {'line': b'Installing star_open_loop script to /home/nipun/ros2RB_ws/install/turtlesim_assignment/lib/turtlesim_assignment\n'}
[6.542107] (turtlesim_assignment) StdoutLine: {'line': b'Installing triangle_closed_loop script to /home/nipun/ros2RB_ws/install/turtlesim_assignment/lib/turtlesim_assignment\n'}
[6.546635] (turtlesim_assignment) StdoutLine: {'line': b'Installing triangle_open_loop script to /home/nipun/ros2RB_ws/install/turtlesim_assignment/lib/turtlesim_assignment\n'}
[6.546840] (turtlesim_assignment) StdoutLine: {'line': b"writing list of installed files to '/home/nipun/ros2RB_ws/build/turtlesim_assignment/install.log'\n"}
[6.554928] (-) TimerEvent: {}
[6.649027] (turtlesim_assignment) CommandEnded: {'returncode': 0}
[6.659999] (-) TimerEvent: {}
[6.682626] (turtlesim_assignment) JobEnded: {'identifier': 'turtlesim_assignment', 'rc': 0}
[6.760169] (-) TimerEvent: {}
[6.860499] (-) TimerEvent: {}
[6.963595] (-) TimerEvent: {}
[7.063938] (-) TimerEvent: {}
[7.164322] (-) TimerEvent: {}
[7.265619] (-) TimerEvent: {}
[7.371621] (-) TimerEvent: {}
[7.471993] (-) TimerEvent: {}
[7.572346] (-) TimerEvent: {}
[7.675045] (-) TimerEvent: {}
[7.776635] (-) TimerEvent: {}
[7.878600] (-) TimerEvent: {}
[7.978939] (-) TimerEvent: {}
[8.079325] (-) TimerEvent: {}
[8.179713] (-) TimerEvent: {}
[8.280097] (-) TimerEvent: {}
[8.380592] (-) TimerEvent: {}
[8.483514] (-) TimerEvent: {}
[8.584011] (-) TimerEvent: {}
[8.684492] (-) TimerEvent: {}
[8.784920] (-) TimerEvent: {}
[8.885397] (-) TimerEvent: {}
[8.987628] (-) TimerEvent: {}
[9.088102] (-) TimerEvent: {}
[9.188607] (-) TimerEvent: {}
[9.290342] (-) TimerEvent: {}
[9.391230] (-) TimerEvent: {}
[9.495101] (-) TimerEvent: {}
[9.595550] (-) TimerEvent: {}
[9.696594] (-) TimerEvent: {}
[9.797610] (-) TimerEvent: {}
[9.898083] (-) TimerEvent: {}
[10.000161] (-) TimerEvent: {}
[10.100637] (-) TimerEvent: {}
[10.203205] (-) TimerEvent: {}
[10.305634] (-) TimerEvent: {}
[10.406554] (-) TimerEvent: {}
[10.507001] (-) TimerEvent: {}
[10.607487] (-) TimerEvent: {}
[10.708598] (-) TimerEvent: {}
[10.810632] (-) TimerEvent: {}
[10.911082] (-) TimerEvent: {}
[11.011528] (-) TimerEvent: {}
[11.114690] (-) TimerEvent: {}
[11.215130] (-) TimerEvent: {}
[11.315610] (-) TimerEvent: {}
[11.416202] (-) TimerEvent: {}
[11.517592] (-) TimerEvent: {}
[11.619283] (-) TimerEvent: {}
[11.719830] (-) TimerEvent: {}
[11.821760] (-) TimerEvent: {}
[11.922183] (-) TimerEvent: {}
[12.026842] (-) TimerEvent: {}
[12.130697] (-) TimerEvent: {}
[12.235398] (-) TimerEvent: {}
[12.341597] (-) TimerEvent: {}
[12.444624] (-) TimerEvent: {}
[12.553189] (-) TimerEvent: {}
[12.657601] (-) TimerEvent: {}
[12.758308] (-) TimerEvent: {}
[12.860426] (-) TimerEvent: {}
[12.964623] (-) TimerEvent: {}
[13.065369] (-) TimerEvent: {}
[13.165734] (-) TimerEvent: {}
[13.268219] (-) TimerEvent: {}
[13.368597] (-) TimerEvent: {}
[13.474021] (-) TimerEvent: {}
[13.579149] (-) TimerEvent: {}
[13.683307] (-) TimerEvent: {}
[13.794705] (-) TimerEvent: {}
[13.896605] (-) TimerEvent: {}
[14.002730] (-) TimerEvent: {}
[14.111497] (-) TimerEvent: {}
[14.214865] (-) TimerEvent: {}
[14.317133] (-) TimerEvent: {}
[14.417612] (-) TimerEvent: {}
[14.530487] (-) TimerEvent: {}
[14.636006] (-) TimerEvent: {}
[14.736900] (-) TimerEvent: {}
[14.847498] (-) TimerEvent: {}
[14.948538] (-) TimerEvent: {}
[15.052714] (-) TimerEvent: {}
[15.163605] (-) TimerEvent: {}
[15.269118] (-) TimerEvent: {}
[15.369692] (-) TimerEvent: {}
[15.470597] (-) TimerEvent: {}
[15.573625] (-) TimerEvent: {}
[15.675176] (-) TimerEvent: {}
[15.786361] (-) TimerEvent: {}
[15.891629] (-) TimerEvent: {}
[15.999609] (-) TimerEvent: {}
[16.099922] (-) TimerEvent: {}
[16.200891] (-) TimerEvent: {}
[16.303849] (-) TimerEvent: {}
[16.408743] (-) TimerEvent: {}
[16.512651] (-) TimerEvent: {}
[16.613598] (-) TimerEvent: {}
[16.713980] (-) TimerEvent: {}
[16.815637] (-) TimerEvent: {}
[16.882713] (assignment1_cpp) StdoutLine: {'line': b'[ 66%] \x1b[32m\x1b[1mLinking CXX executable NODE1\x1b[0m\n'}
[16.915764] (-) TimerEvent: {}
[17.018856] (-) TimerEvent: {}
[17.119343] (-) TimerEvent: {}
[17.222725] (-) TimerEvent: {}
[17.257644] (assignment1_cpp) StdoutLine: {'line': b'[ 66%] Built target NODE1\n'}
[17.323191] (-) TimerEvent: {}
[17.427601] (-) TimerEvent: {}
[17.528126] (-) TimerEvent: {}
[17.628720] (-) TimerEvent: {}
[17.729152] (-) TimerEvent: {}
[17.829585] (-) TimerEvent: {}
[17.930069] (-) TimerEvent: {}
[18.030601] (-) TimerEvent: {}
[18.131270] (-) TimerEvent: {}
[18.231847] (-) TimerEvent: {}
[18.336595] (-) TimerEvent: {}
[18.436932] (-) TimerEvent: {}
[18.537411] (-) TimerEvent: {}
[18.638164] (-) TimerEvent: {}
[18.738637] (-) TimerEvent: {}
[18.839120] (-) TimerEvent: {}
[18.939595] (-) TimerEvent: {}
[19.040023] (-) TimerEvent: {}
[19.145627] (-) TimerEvent: {}
[19.245973] (-) TimerEvent: {}
[19.346427] (-) TimerEvent: {}
[19.446930] (-) TimerEvent: {}
[19.494656] (simple_pkg_cpp) StdoutLine: {'line': b'[ 75%] \x1b[32m\x1b[1mLinking CXX executable HelloWorldPublisherCpp\x1b[0m\n'}
[19.548090] (-) TimerEvent: {}
[19.649144] (-) TimerEvent: {}
[19.749591] (-) TimerEvent: {}
[19.850034] (-) TimerEvent: {}
[19.915584] (simple_pkg_cpp) StdoutLine: {'line': b'[ 75%] Built target HelloWorldPublisherCpp\n'}
[19.950165] (-) TimerEvent: {}
[20.050600] (-) TimerEvent: {}
[20.151746] (-) TimerEvent: {}
[20.253806] (-) TimerEvent: {}
[20.356903] (-) TimerEvent: {}
[20.457330] (-) TimerEvent: {}
[20.557800] (-) TimerEvent: {}
[20.658242] (-) TimerEvent: {}
[20.758609] (-) TimerEvent: {}
[20.860926] (-) TimerEvent: {}
[20.961920] (-) TimerEvent: {}
[21.064029] (-) TimerEvent: {}
[21.164585] (-) TimerEvent: {}
[21.265108] (-) TimerEvent: {}
[21.365555] (-) TimerEvent: {}
[21.466818] (-) TimerEvent: {}
[21.567302] (-) TimerEvent: {}
[21.668985] (-) TimerEvent: {}
[21.769456] (-) TimerEvent: {}
[21.873213] (-) TimerEvent: {}
[21.973589] (-) TimerEvent: {}
[22.074021] (-) TimerEvent: {}
[22.174511] (-) TimerEvent: {}
[22.277824] (-) TimerEvent: {}
[22.378312] (-) TimerEvent: {}
[22.478821] (-) TimerEvent: {}
[22.579282] (-) TimerEvent: {}
[22.679813] (-) TimerEvent: {}
[22.780229] (-) TimerEvent: {}
[22.880620] (-) TimerEvent: {}
[22.981056] (-) TimerEvent: {}
[23.081516] (-) TimerEvent: {}
[23.181953] (-) TimerEvent: {}
[23.283856] (-) TimerEvent: {}
[23.384292] (-) TimerEvent: {}
[23.484772] (-) TimerEvent: {}
[23.585252] (-) TimerEvent: {}
[23.686424] (-) TimerEvent: {}
[23.789602] (-) TimerEvent: {}
[23.889944] (-) TimerEvent: {}
[23.990426] (-) TimerEvent: {}
[24.079104] (assignment1_cpp) StdoutLine: {'line': b'[ 83%] \x1b[32m\x1b[1mLinking CXX executable NODE3\x1b[0m\n'}
[24.090560] (-) TimerEvent: {}
[24.191003] (-) TimerEvent: {}
[24.292871] (-) TimerEvent: {}
[24.393317] (-) TimerEvent: {}
[24.493872] (-) TimerEvent: {}
[24.594338] (-) TimerEvent: {}
[24.694870] (-) TimerEvent: {}
[24.793696] (assignment1_cpp) StdoutLine: {'line': b'[100%] \x1b[32m\x1b[1mLinking CXX executable NODE2\x1b[0m\n'}
[24.794970] (-) TimerEvent: {}
[24.895493] (-) TimerEvent: {}
[24.935634] (assignment1_cpp) StdoutLine: {'line': b'[100%] Built target NODE3\n'}
[24.998601] (-) TimerEvent: {}
[25.098958] (-) TimerEvent: {}
[25.200477] (-) TimerEvent: {}
[25.300953] (-) TimerEvent: {}
[25.401425] (-) TimerEvent: {}
[25.503379] (-) TimerEvent: {}
[25.583726] (assignment1_cpp) StdoutLine: {'line': b'[100%] Built target NODE2\n'}
[25.607654] (-) TimerEvent: {}
[25.614418] (assignment1_cpp) CommandEnded: {'returncode': 0}
[25.707751] (assignment1_cpp) JobProgress: {'identifier': 'assignment1_cpp', 'progress': 'install'}
[25.707816] (-) TimerEvent: {}
[25.708062] (assignment1_cpp) Command: {'cmd': ['/usr/bin/cmake', '--install', '/home/nipun/ros2RB_ws/build/assignment1_cpp'], 'cwd': '/home/nipun/ros2RB_ws/build/assignment1_cpp', 'env': OrderedDict([('LESSOPEN', '| /usr/bin/lesspipe %s'), ('LANGUAGE', 'en_IN:en'), ('USER', 'nipun'), ('XDG_SESSION_TYPE', 'wayland'), ('SHLVL', '1'), ('LD_LIBRARY_PATH', '/home/nipun/ros2_ws/install/my_robot_interfaces/lib:/usr/lib/x86_64-linux-gnu/gazebo-11/plugins:/opt/ros/humble/opt/rviz_ogre_vendor/lib:/opt/ros/humble/lib/x86_64-linux-gnu:/opt/ros/humble/lib'), ('HOME', '/home/nipun'), ('OLDPWD', '/home/nipun'), ('DESKTOP_SESSION', 'ubuntu'), ('ROS_PYTHON_VERSION', '3'), ('GNOME_SHELL_SESSION_MODE', 'ubuntu'), ('GTK_MODULES', 'gail:atk-bridge'), ('MANAGERPID', '1569'), ('SYSTEMD_EXEC_PID', '2000'), ('DBUS_SESSION_BUS_ADDRESS', 'unix:path=/run/user/1000/bus'), ('COLORTERM', 'truecolor'), ('TERMINATOR_DBUS_NAME', 'net.tenshu.Terminator25ef4b219e3b005583550f2b0f9f990c3'), ('GIO_LAUNCHED_DESKTOP_FILE_PID', '2496'), ('IM_CONFIG_PHASE', '1'), ('WAYLAND_DISPLAY', 'wayland-0'), ('COLCON_PREFIX_PATH', '/home/nipun/ros2RB_ws/install:/home/nipun/ros2_ws/install'), ('ROS_DISTRO', 'humble'), ('LOGNAME', 'nipun'), ('JOURNAL_STREAM', '8:10055'), ('_', '/usr/bin/colcon'), ('ROS_VERSION', '2'), ('XDG_SESSION_CLASS', 'user'), ('USERNAME', 'nipun'), ('TERM', 'xterm-256color'), ('GNOME_DESKTOP_SESSION_ID', 'this-is-deprecated'), ('ROS_LOCALHOST_ONLY', '0'), ('PATH', '/opt/ros/humble/bin:/usr/local/sbin:/usr/local/bin:/usr/sbin:/usr/bin:/sbin:/bin:/usr/games:/usr/local/games:/snap/bin:/snap/bin'), ('SESSION_MANAGER', 'local/nipun-virtual-machine:@/tmp/.ICE-unix/1700,unix/nipun-virtual-machine:/tmp/.ICE-unix/1700'), ('INVOCATION_ID', '55ee519092c04a5bae1b924a07aea81c'), ('XDG_MENU_PREFIX', 'gnome-'), ('GNOME_SETUP_DISPLAY', ':1'), ('XDG_RUNTIME_DIR', '/run/user/1000'), ('DISPLAY', ':0'), ('TERMINATOR_DBUS_PATH', '/net/tenshu/Terminator2'), ('LANG', 'en_US.UTF-8'), ('XDG_CURRENT_DESKTOP', 'ubuntu:GNOME'), ('IBUS_DISABLE_SNOOPER', '1'), ('XMODIFIERS', '@im=ibus'), ('XDG_SESSION_DESKTOP', 'ubuntu'), ('XAUTHORITY', '/run/user/1000/.mutter-Xwaylandauth.M1JGW2'), ('LS_COLORS', 'rs=0:di=01;34:ln=01;36:mh=00:pi=40;33:so=01;35:do=01;35:bd=40;33;01:cd=40;33;01:or=40;31;01:mi=00:su=37;41:sg=30;43:ca=30;41:tw=30;42:ow=34;42:st=37;44:ex=01;32:*.tar=01;31:*.tgz=01;31:*.arc=01;31:*.arj=01;31:*.taz=01;31:*.lha=01;31:*.lz4=01;31:*.lzh=01;31:*.lzma=01;31:*.tlz=01;31:*.txz=01;31:*.tzo=01;31:*.t7z=01;31:*.zip=01;31:*.z=01;31:*.dz=01;31:*.gz=01;31:*.lrz=01;31:*.lz=01;31:*.lzo=01;31:*.xz=01;31:*.zst=01;31:*.tzst=01;31:*.bz2=01;31:*.bz=01;31:*.tbz=01;31:*.tbz2=01;31:*.tz=01;31:*.deb=01;31:*.rpm=01;31:*.jar=01;31:*.war=01;31:*.ear=01;31:*.sar=01;31:*.rar=01;31:*.alz=01;31:*.ace=01;31:*.zoo=01;31:*.cpio=01;31:*.7z=01;31:*.rz=01;31:*.cab=01;31:*.wim=01;31:*.swm=01;31:*.dwm=01;31:*.esd=01;31:*.jpg=01;35:*.jpeg=01;35:*.mjpg=01;35:*.mjpeg=01;35:*.gif=01;35:*.bmp=01;35:*.pbm=01;35:*.pgm=01;35:*.ppm=01;35:*.tga=01;35:*.xbm=01;35:*.xpm=01;35:*.tif=01;35:*.tiff=01;35:*.png=01;35:*.svg=01;35:*.svgz=01;35:*.mng=01;35:*.pcx=01;35:*.mov=01;35:*.mpg=01;35:*.mpeg=01;35:*.m2v=01;35:*.mkv=01;35:*.webm=01;35:*.webp=01;35:*.ogm=01;35:*.mp4=01;35:*.m4v=01;35:*.mp4v=01;35:*.vob=01;35:*.qt=01;35:*.nuv=01;35:*.wmv=01;35:*.asf=01;35:*.rm=01;35:*.rmvb=01;35:*.flc=01;35:*.avi=01;35:*.fli=01;35:*.flv=01;35:*.gl=01;35:*.dl=01;35:*.xcf=01;35:*.xwd=01;35:*.yuv=01;35:*.cgm=01;35:*.emf=01;35:*.ogv=01;35:*.ogx=01;35:*.aac=00;36:*.au=00;36:*.flac=00;36:*.m4a=00;36:*.mid=00;36:*.midi=00;36:*.mka=00;36:*.mp3=00;36:*.mpc=00;36:*.ogg=00;36:*.ra=00;36:*.wav=00;36:*.oga=00;36:*.opus=00;36:*.spx=00;36:*.xspf=00;36:'), ('SSH_AGENT_LAUNCHER', 'gnome-keyring'), ('SSH_AUTH_SOCK', '/run/user/1000/keyring/ssh'), ('AMENT_PREFIX_PATH', '/home/nipun/ros2RB_ws/install/turtlesim_assignment:/home/nipun/ros2RB_ws/install/simple_pkg_cpp:/home/nipun/ros2RB_ws/install/simple_pkg:/home/nipun/ros2RB_ws/install/rmp_ros2bot_description:/home/nipun/ros2RB_ws/install/learningPubSubPkg:/home/nipun/ros2RB_ws/install/assignment1_cpp:/home/nipun/ros2RB_ws/install/assignment1:/home/nipun/ros2_ws/install/my_robot_bringup:/home/nipun/ros2_ws/install/my_py_pkg:/home/nipun/ros2_ws/install/my_cpp_pkg:/home/nipun/ros2_ws/install/my_robot_interfaces:/opt/ros/humble'), ('SHELL', '/bin/bash'), ('TERMINATOR_UUID', 'urn:uuid:b6aae4a6-d57d-4b98-8853-6e1370ea29d0'), ('QT_ACCESSIBILITY', '1'), ('GDMSESSION', 'ubuntu'), ('LESSCLOSE', '/usr/bin/lesspipe %s %s'), ('QT_IM_MODULE', 'ibus'), ('PWD', '/home/nipun/ros2RB_ws/build/assignment1_cpp'), ('LC_ALL', 'en_US.UTF-8'), ('XDG_CONFIG_DIRS', '/etc/xdg/xdg-ubuntu:/etc/xdg'), ('XDG_DATA_DIRS', '/usr/share/ubuntu:/usr/local/share/:/usr/share/:/var/lib/snapd/desktop'), ('PYTHONPATH', '/home/nipun/ros2RB_ws/install/turtlesim_assignment/lib/python3.10/site-packages:/home/nipun/ros2RB_ws/install/simple_pkg/lib/python3.10/site-packages:/home/nipun/ros2RB_ws/install/rmp_ros2bot_description/lib/python3.10/site-packages:/home/nipun/ros2RB_ws/install/assignment1/lib/python3.10/site-packages:/home/nipun/ros2_ws/install/my_py_pkg/lib/python3.10/site-packages:/home/nipun/ros2_ws/install/my_robot_interfaces/local/lib/python3.10/dist-packages:/opt/ros/humble/lib/python3.10/site-packages:/opt/ros/humble/local/lib/python3.10/dist-packages'), ('COLCON', '1'), ('VTE_VERSION', '6800'), ('CMAKE_PREFIX_PATH', '/home/nipun/ros2RB_ws/install/simple_pkg_cpp:/home/nipun/ros2RB_ws/install/rmp_ros2bot_description:/home/nipun/ros2RB_ws/install/learningPubSubPkg:/home/nipun/ros2RB_ws/install/assignment1_cpp:/home/nipun/ros2_ws/install/my_robot_bringup:/home/nipun/ros2_ws/install/my_cpp_pkg:/home/nipun/ros2_ws/install/my_robot_interfaces:/home/nipun/ros2RB_ws/install/turtlesim_assignment:/home/nipun/ros2RB_ws/install/simple_pkg:/home/nipun/ros2RB_ws/install/assignment1:/home/nipun/ros2_ws/install/my_py_pkg:/opt/ros/humble')]), 'shell': False}
[25.715743] (assignment1_cpp) StdoutLine: {'line': b'-- Install configuration: ""\n'}
[25.716104] (assignment1_cpp) StdoutLine: {'line': b'-- Installing: /home/nipun/ros2RB_ws/install/assignment1_cpp/share/assignment1_cpp/launch\n'}
[25.716485] (assignment1_cpp) StdoutLine: {'line': b'-- Installing: /home/nipun/ros2RB_ws/install/assignment1_cpp/share/assignment1_cpp/launch/assignment1_cpp_launch.py\n'}
[25.718061] (assignment1_cpp) StdoutLine: {'line': b'-- Installing: /home/nipun/ros2RB_ws/install/assignment1_cpp/lib/assignment1_cpp/NODE1\n'}
[25.719907] (assignment1_cpp) StdoutLine: {'line': b'-- Set runtime path of "/home/nipun/ros2RB_ws/install/assignment1_cpp/lib/assignment1_cpp/NODE1" to ""\n'}
[25.720232] (assignment1_cpp) StdoutLine: {'line': b'-- Installing: /home/nipun/ros2RB_ws/install/assignment1_cpp/lib/assignment1_cpp/NODE2\n'}
[25.723910] (assignment1_cpp) StdoutLine: {'line': b'-- Set runtime path of "/home/nipun/ros2RB_ws/install/assignment1_cpp/lib/assignment1_cpp/NODE2" to ""\n'}
[25.724590] (assignment1_cpp) StdoutLine: {'line': b'-- Installing: /home/nipun/ros2RB_ws/install/assignment1_cpp/lib/assignment1_cpp/NODE3\n'}
[25.727747] (assignment1_cpp) StdoutLine: {'line': b'-- Set runtime path of "/home/nipun/ros2RB_ws/install/assignment1_cpp/lib/assignment1_cpp/NODE3" to ""\n'}
[25.728649] (assignment1_cpp) StdoutLine: {'line': b'-- Installing: /home/nipun/ros2RB_ws/install/assignment1_cpp/share/ament_index/resource_index/package_run_dependencies/assignment1_cpp\n'}
[25.729056] (assignment1_cpp) StdoutLine: {'line': b'-- Installing: /home/nipun/ros2RB_ws/install/assignment1_cpp/share/ament_index/resource_index/parent_prefix_path/assignment1_cpp\n'}
[25.729459] (assignment1_cpp) StdoutLine: {'line': b'-- Installing: /home/nipun/ros2RB_ws/install/assignment1_cpp/share/assignment1_cpp/environment/ament_prefix_path.sh\n'}
[25.729842] (assignment1_cpp) StdoutLine: {'line': b'-- Installing: /home/nipun/ros2RB_ws/install/assignment1_cpp/share/assignment1_cpp/environment/ament_prefix_path.dsv\n'}
[25.730229] (assignment1_cpp) StdoutLine: {'line': b'-- Installing: /home/nipun/ros2RB_ws/install/assignment1_cpp/share/assignment1_cpp/environment/path.sh\n'}
[25.730575] (assignment1_cpp) StdoutLine: {'line': b'-- Installing: /home/nipun/ros2RB_ws/install/assignment1_cpp/share/assignment1_cpp/environment/path.dsv\n'}
[25.730911] (assignment1_cpp) StdoutLine: {'line': b'-- Installing: /home/nipun/ros2RB_ws/install/assignment1_cpp/share/assignment1_cpp/local_setup.bash\n'}
[25.731921] (assignment1_cpp) StdoutLine: {'line': b'-- Installing: /home/nipun/ros2RB_ws/install/assignment1_cpp/share/assignment1_cpp/local_setup.sh\n'}
[25.732462] (assignment1_cpp) StdoutLine: {'line': b'-- Installing: /home/nipun/ros2RB_ws/install/assignment1_cpp/share/assignment1_cpp/local_setup.zsh\n'}
[25.732665] (assignment1_cpp) StdoutLine: {'line': b'-- Installing: /home/nipun/ros2RB_ws/install/assignment1_cpp/share/assignment1_cpp/local_setup.dsv\n'}
[25.733230] (assignment1_cpp) StdoutLine: {'line': b'-- Installing: /home/nipun/ros2RB_ws/install/assignment1_cpp/share/assignment1_cpp/package.dsv\n'}
[25.733502] (assignment1_cpp) StdoutLine: {'line': b'-- Installing: /home/nipun/ros2RB_ws/install/assignment1_cpp/share/ament_index/resource_index/packages/assignment1_cpp\n'}
[25.740937] (assignment1_cpp) StdoutLine: {'line': b'-- Installing: /home/nipun/ros2RB_ws/install/assignment1_cpp/share/assignment1_cpp/cmake/assignment1_cppConfig.cmake\n'}
[25.741130] (assignment1_cpp) StdoutLine: {'line': b'-- Installing: /home/nipun/ros2RB_ws/install/assignment1_cpp/share/assignment1_cpp/cmake/assignment1_cppConfig-version.cmake\n'}
[25.741224] (assignment1_cpp) StdoutLine: {'line': b'-- Installing: /home/nipun/ros2RB_ws/install/assignment1_cpp/share/assignment1_cpp/package.xml\n'}
[25.748868] (assignment1_cpp) CommandEnded: {'returncode': 0}
[25.807943] (-) TimerEvent: {}
[25.865717] (assignment1_cpp) JobEnded: {'identifier': 'assignment1_cpp', 'rc': 0}
[25.908134] (-) TimerEvent: {}
[25.933578] (simple_pkg_cpp) StdoutLine: {'line': b'[100%] \x1b[32m\x1b[1mLinking CXX executable HelloWorldSubscriberCpp\x1b[0m\n'}
[26.008700] (-) TimerEvent: {}
[26.109477] (-) TimerEvent: {}
[26.211624] (-) TimerEvent: {}
[26.311968] (-) TimerEvent: {}
[26.412293] (-) TimerEvent: {}
[26.432621] (simple_pkg_cpp) StdoutLine: {'line': b'[100%] Built target HelloWorldSubscriberCpp\n'}
[26.447763] (simple_pkg_cpp) CommandEnded: {'returncode': 0}
[26.478334] (simple_pkg_cpp) JobProgress: {'identifier': 'simple_pkg_cpp', 'progress': 'install'}
[26.479262] (simple_pkg_cpp) Command: {'cmd': ['/usr/bin/cmake', '--install', '/home/nipun/ros2RB_ws/build/simple_pkg_cpp'], 'cwd': '/home/nipun/ros2RB_ws/build/simple_pkg_cpp', 'env': OrderedDict([('LESSOPEN', '| /usr/bin/lesspipe %s'), ('LANGUAGE', 'en_IN:en'), ('USER', 'nipun'), ('XDG_SESSION_TYPE', 'wayland'), ('SHLVL', '1'), ('LD_LIBRARY_PATH', '/home/nipun/ros2_ws/install/my_robot_interfaces/lib:/usr/lib/x86_64-linux-gnu/gazebo-11/plugins:/opt/ros/humble/opt/rviz_ogre_vendor/lib:/opt/ros/humble/lib/x86_64-linux-gnu:/opt/ros/humble/lib'), ('HOME', '/home/nipun'), ('OLDPWD', '/home/nipun'), ('DESKTOP_SESSION', 'ubuntu'), ('ROS_PYTHON_VERSION', '3'), ('GNOME_SHELL_SESSION_MODE', 'ubuntu'), ('GTK_MODULES', 'gail:atk-bridge'), ('MANAGERPID', '1569'), ('SYSTEMD_EXEC_PID', '2000'), ('DBUS_SESSION_BUS_ADDRESS', 'unix:path=/run/user/1000/bus'), ('COLORTERM', 'truecolor'), ('TERMINATOR_DBUS_NAME', 'net.tenshu.Terminator25ef4b219e3b005583550f2b0f9f990c3'), ('GIO_LAUNCHED_DESKTOP_FILE_PID', '2496'), ('IM_CONFIG_PHASE', '1'), ('WAYLAND_DISPLAY', 'wayland-0'), ('COLCON_PREFIX_PATH', '/home/nipun/ros2RB_ws/install:/home/nipun/ros2_ws/install'), ('ROS_DISTRO', 'humble'), ('LOGNAME', 'nipun'), ('JOURNAL_STREAM', '8:10055'), ('_', '/usr/bin/colcon'), ('ROS_VERSION', '2'), ('XDG_SESSION_CLASS', 'user'), ('USERNAME', 'nipun'), ('TERM', 'xterm-256color'), ('GNOME_DESKTOP_SESSION_ID', 'this-is-deprecated'), ('ROS_LOCALHOST_ONLY', '0'), ('PATH', '/opt/ros/humble/bin:/usr/local/sbin:/usr/local/bin:/usr/sbin:/usr/bin:/sbin:/bin:/usr/games:/usr/local/games:/snap/bin:/snap/bin'), ('SESSION_MANAGER', 'local/nipun-virtual-machine:@/tmp/.ICE-unix/1700,unix/nipun-virtual-machine:/tmp/.ICE-unix/1700'), ('INVOCATION_ID', '55ee519092c04a5bae1b924a07aea81c'), ('XDG_MENU_PREFIX', 'gnome-'), ('GNOME_SETUP_DISPLAY', ':1'), ('XDG_RUNTIME_DIR', '/run/user/1000'), ('DISPLAY', ':0'), ('TERMINATOR_DBUS_PATH', '/net/tenshu/Terminator2'), ('LANG', 'en_US.UTF-8'), ('XDG_CURRENT_DESKTOP', 'ubuntu:GNOME'), ('IBUS_DISABLE_SNOOPER', '1'), ('XMODIFIERS', '@im=ibus'), ('XDG_SESSION_DESKTOP', 'ubuntu'), ('XAUTHORITY', '/run/user/1000/.mutter-Xwaylandauth.M1JGW2'), ('LS_COLORS', 'rs=0:di=01;34:ln=01;36:mh=00:pi=40;33:so=01;35:do=01;35:bd=40;33;01:cd=40;33;01:or=40;31;01:mi=00:su=37;41:sg=30;43:ca=30;41:tw=30;42:ow=34;42:st=37;44:ex=01;32:*.tar=01;31:*.tgz=01;31:*.arc=01;31:*.arj=01;31:*.taz=01;31:*.lha=01;31:*.lz4=01;31:*.lzh=01;31:*.lzma=01;31:*.tlz=01;31:*.txz=01;31:*.tzo=01;31:*.t7z=01;31:*.zip=01;31:*.z=01;31:*.dz=01;31:*.gz=01;31:*.lrz=01;31:*.lz=01;31:*.lzo=01;31:*.xz=01;31:*.zst=01;31:*.tzst=01;31:*.bz2=01;31:*.bz=01;31:*.tbz=01;31:*.tbz2=01;31:*.tz=01;31:*.deb=01;31:*.rpm=01;31:*.jar=01;31:*.war=01;31:*.ear=01;31:*.sar=01;31:*.rar=01;31:*.alz=01;31:*.ace=01;31:*.zoo=01;31:*.cpio=01;31:*.7z=01;31:*.rz=01;31:*.cab=01;31:*.wim=01;31:*.swm=01;31:*.dwm=01;31:*.esd=01;31:*.jpg=01;35:*.jpeg=01;35:*.mjpg=01;35:*.mjpeg=01;35:*.gif=01;35:*.bmp=01;35:*.pbm=01;35:*.pgm=01;35:*.ppm=01;35:*.tga=01;35:*.xbm=01;35:*.xpm=01;35:*.tif=01;35:*.tiff=01;35:*.png=01;35:*.svg=01;35:*.svgz=01;35:*.mng=01;35:*.pcx=01;35:*.mov=01;35:*.mpg=01;35:*.mpeg=01;35:*.m2v=01;35:*.mkv=01;35:*.webm=01;35:*.webp=01;35:*.ogm=01;35:*.mp4=01;35:*.m4v=01;35:*.mp4v=01;35:*.vob=01;35:*.qt=01;35:*.nuv=01;35:*.wmv=01;35:*.asf=01;35:*.rm=01;35:*.rmvb=01;35:*.flc=01;35:*.avi=01;35:*.fli=01;35:*.flv=01;35:*.gl=01;35:*.dl=01;35:*.xcf=01;35:*.xwd=01;35:*.yuv=01;35:*.cgm=01;35:*.emf=01;35:*.ogv=01;35:*.ogx=01;35:*.aac=00;36:*.au=00;36:*.flac=00;36:*.m4a=00;36:*.mid=00;36:*.midi=00;36:*.mka=00;36:*.mp3=00;36:*.mpc=00;36:*.ogg=00;36:*.ra=00;36:*.wav=00;36:*.oga=00;36:*.opus=00;36:*.spx=00;36:*.xspf=00;36:'), ('SSH_AGENT_LAUNCHER', 'gnome-keyring'), ('SSH_AUTH_SOCK', '/run/user/1000/keyring/ssh'), ('AMENT_PREFIX_PATH', '/home/nipun/ros2RB_ws/install/turtlesim_assignment:/home/nipun/ros2RB_ws/install/simple_pkg_cpp:/home/nipun/ros2RB_ws/install/simple_pkg:/home/nipun/ros2RB_ws/install/rmp_ros2bot_description:/home/nipun/ros2RB_ws/install/learningPubSubPkg:/home/nipun/ros2RB_ws/install/assignment1_cpp:/home/nipun/ros2RB_ws/install/assignment1:/home/nipun/ros2_ws/install/my_robot_bringup:/home/nipun/ros2_ws/install/my_py_pkg:/home/nipun/ros2_ws/install/my_cpp_pkg:/home/nipun/ros2_ws/install/my_robot_interfaces:/opt/ros/humble'), ('SHELL', '/bin/bash'), ('TERMINATOR_UUID', 'urn:uuid:b6aae4a6-d57d-4b98-8853-6e1370ea29d0'), ('QT_ACCESSIBILITY', '1'), ('GDMSESSION', 'ubuntu'), ('LESSCLOSE', '/usr/bin/lesspipe %s %s'), ('QT_IM_MODULE', 'ibus'), ('PWD', '/home/nipun/ros2RB_ws/build/simple_pkg_cpp'), ('LC_ALL', 'en_US.UTF-8'), ('XDG_CONFIG_DIRS', '/etc/xdg/xdg-ubuntu:/etc/xdg'), ('XDG_DATA_DIRS', '/usr/share/ubuntu:/usr/local/share/:/usr/share/:/var/lib/snapd/desktop'), ('PYTHONPATH', '/home/nipun/ros2RB_ws/install/turtlesim_assignment/lib/python3.10/site-packages:/home/nipun/ros2RB_ws/install/simple_pkg/lib/python3.10/site-packages:/home/nipun/ros2RB_ws/install/rmp_ros2bot_description/lib/python3.10/site-packages:/home/nipun/ros2RB_ws/install/assignment1/lib/python3.10/site-packages:/home/nipun/ros2_ws/install/my_py_pkg/lib/python3.10/site-packages:/home/nipun/ros2_ws/install/my_robot_interfaces/local/lib/python3.10/dist-packages:/opt/ros/humble/lib/python3.10/site-packages:/opt/ros/humble/local/lib/python3.10/dist-packages'), ('COLCON', '1'), ('VTE_VERSION', '6800'), ('CMAKE_PREFIX_PATH', '/home/nipun/ros2RB_ws/install/simple_pkg_cpp:/home/nipun/ros2RB_ws/install/rmp_ros2bot_description:/home/nipun/ros2RB_ws/install/learningPubSubPkg:/home/nipun/ros2RB_ws/install/assignment1_cpp:/home/nipun/ros2_ws/install/my_robot_bringup:/home/nipun/ros2_ws/install/my_cpp_pkg:/home/nipun/ros2_ws/install/my_robot_interfaces:/home/nipun/ros2RB_ws/install/turtlesim_assignment:/home/nipun/ros2RB_ws/install/simple_pkg:/home/nipun/ros2RB_ws/install/assignment1:/home/nipun/ros2_ws/install/my_py_pkg:/opt/ros/humble')]), 'shell': False}
[26.487669] (simple_pkg_cpp) StdoutLine: {'line': b'-- Install configuration: ""\n'}
[26.487982] (simple_pkg_cpp) StdoutLine: {'line': b'-- Installing: /home/nipun/ros2RB_ws/install/simple_pkg_cpp/lib/simple_pkg_cpp/HelloWorldPublisherCpp\n'}
[26.489163] (simple_pkg_cpp) StdoutLine: {'line': b'-- Set runtime path of "/home/nipun/ros2RB_ws/install/simple_pkg_cpp/lib/simple_pkg_cpp/HelloWorldPublisherCpp" to ""\n'}
[26.489258] (simple_pkg_cpp) StdoutLine: {'line': b'-- Installing: /home/nipun/ros2RB_ws/install/simple_pkg_cpp/lib/simple_pkg_cpp/HelloWorldSubscriberCpp\n'}
[26.492350] (simple_pkg_cpp) StdoutLine: {'line': b'-- Set runtime path of "/home/nipun/ros2RB_ws/install/simple_pkg_cpp/lib/simple_pkg_cpp/HelloWorldSubscriberCpp" to ""\n'}
[26.492607] (simple_pkg_cpp) StdoutLine: {'line': b'-- Installing: /home/nipun/ros2RB_ws/install/simple_pkg_cpp/share/ament_index/resource_index/package_run_dependencies/simple_pkg_cpp\n'}
[26.492841] (simple_pkg_cpp) StdoutLine: {'line': b'-- Installing: /home/nipun/ros2RB_ws/install/simple_pkg_cpp/share/ament_index/resource_index/parent_prefix_path/simple_pkg_cpp\n'}
[26.506265] (simple_pkg_cpp) StdoutLine: {'line': b'-- Installing: /home/nipun/ros2RB_ws/install/simple_pkg_cpp/share/simple_pkg_cpp/environment/ament_prefix_path.sh\n'}
[26.506637] (simple_pkg_cpp) StdoutLine: {'line': b'-- Installing: /home/nipun/ros2RB_ws/install/simple_pkg_cpp/share/simple_pkg_cpp/environment/ament_prefix_path.dsv\n'}
[26.507303] (simple_pkg_cpp) StdoutLine: {'line': b'-- Installing: /home/nipun/ros2RB_ws/install/simple_pkg_cpp/share/simple_pkg_cpp/environment/path.sh\n'}
[26.507738] (simple_pkg_cpp) StdoutLine: {'line': b'-- Installing: /home/nipun/ros2RB_ws/install/simple_pkg_cpp/share/simple_pkg_cpp/environment/path.dsv\n'}
[26.508796] (simple_pkg_cpp) StdoutLine: {'line': b'-- Installing: /home/nipun/ros2RB_ws/install/simple_pkg_cpp/share/simple_pkg_cpp/local_setup.bash\n'}
[26.509143] (simple_pkg_cpp) StdoutLine: {'line': b'-- Installing: /home/nipun/ros2RB_ws/install/simple_pkg_cpp/share/simple_pkg_cpp/local_setup.sh\n'}
[26.509368] (simple_pkg_cpp) StdoutLine: {'line': b'-- Installing: /home/nipun/ros2RB_ws/install/simple_pkg_cpp/share/simple_pkg_cpp/local_setup.zsh\n'}
[26.509736] (simple_pkg_cpp) StdoutLine: {'line': b'-- Installing: /home/nipun/ros2RB_ws/install/simple_pkg_cpp/share/simple_pkg_cpp/local_setup.dsv\n'}
[26.510119] (simple_pkg_cpp) StdoutLine: {'line': b'-- Installing: /home/nipun/ros2RB_ws/install/simple_pkg_cpp/share/simple_pkg_cpp/package.dsv\n'}
[26.510336] (simple_pkg_cpp) StdoutLine: {'line': b'-- Installing: /home/nipun/ros2RB_ws/install/simple_pkg_cpp/share/ament_index/resource_index/packages/simple_pkg_cpp\n'}
[26.510862] (simple_pkg_cpp) StdoutLine: {'line': b'-- Installing: /home/nipun/ros2RB_ws/install/simple_pkg_cpp/share/simple_pkg_cpp/cmake/simple_pkg_cppConfig.cmake\n'}
[26.511219] (simple_pkg_cpp) StdoutLine: {'line': b'-- Installing: /home/nipun/ros2RB_ws/install/simple_pkg_cpp/share/simple_pkg_cpp/cmake/simple_pkg_cppConfig-version.cmake\n'}
[26.511663] (simple_pkg_cpp) StdoutLine: {'line': b'-- Installing: /home/nipun/ros2RB_ws/install/simple_pkg_cpp/share/simple_pkg_cpp/package.xml\n'}
[26.512686] (-) TimerEvent: {}
[26.517985] (simple_pkg_cpp) CommandEnded: {'returncode': 0}
[26.606581] (simple_pkg_cpp) JobEnded: {'identifier': 'simple_pkg_cpp', 'rc': 0}
[26.607306] (-) EventReactorShutdown: {}
